"","ID","family","individual","pixel.correction","standard.length.raw","body.depth.raw","standard.length","body.depth","melanocytes","note","x.1","y.1","x.2","y.2","x.3","y.3","x.4","y.4","x.5","y.5","x.6","y.6","x.7","y.7","x.8","y.8","x.9","y.9","x.10","y.10","x.11","y.11","x.12","y.12","x.13","y.13","x.14","y.14","x.15","y.15","x.16","y.16","x.17","y.17","x.18","y.18","x.19","y.19"
"1","10-1",10,"1",876.514,3773.008,854.553,4.304561022,0.9749450665,39,NA,4.4973611374148,1.5196562747429,4.01134494143847,1.30745202016169,3.61431762641555,1.26638022895242,2.7928818022302,1.19108194506876,2.27948441211435,1.23215373627803,1.58810926009168,1.31429731869656,0.540778584255357,1.71816993225436,0.362800822348531,1.77293232053339,0.205358956046338,1.85507590295192,0.390182016488042,1.91668358976582,0.595540972534381,1.95091008244021,1.25953493041754,2.1083519487424,2.5122245623002,2.21787672530045,2.86818008611386,2.14942373995167,3.41580396890409,2.03989896339363,4.14140561360115,1.87561179855655,4.01819023997335,1.50596567767315,3.60747232788067,1.48542978206851,2.84764419050922,1.69763403664973
"2","10-2",10,"2",864.187,3840.919,870.083,4.444546146,1.006822597,35,NA,4.61705626212845,1.39553129125988,4.24908034950769,1.21501480582328,3.86027561164424,1.11087067960985,2.94380730096611,1.0483842038818,2.39531490290875,1.0483842038818,1.74267837863796,1.10392773786229,0.451291213591503,1.43718894174525,0.291603553397586,1.44413188349281,0.201345310679286,1.50661835922086,0.340204145630517,1.61770542718185,0.645693582523227,1.65242013591966,1.38164540776475,1.90236603883187,2.59666021358803,2.08288252426847,2.9646361262088,2.0412248737831,3.5964438252369,1.87459427184163,4.38099624271136,1.70102072815259,4.24908034950769,1.30527304854158,3.83250384465399,1.23584363106596,2.99240789319904,1.3191589320367
"3","10-3",10,"3",894.725,3767.207,925.246,4.21046355,1.034112157,32,NA,4.47288272933024,1.53566738383302,4.03699460728157,1.31437033725446,3.6346363407751,1.23389868395317,2.78297801000307,1.09977926178435,2.32026600352063,1.14672105954344,1.65637486378496,1.22048674173629,0.724244879711643,1.59602112380899,0.429182150940233,1.69661069043561,0.274944815446087,1.76367040152002,0.476123948699321,1.85084802592975,0.684009053060996,1.8910838525804,1.49543155718237,2.13920478359272,2.52815110788231,2.16602866802649,2.79638995221996,2.12579284137584,3.43345720752186,1.98496744809858,4.16440805834195,1.83743608371287,4.04370057839001,1.46190170164017,3.6346363407751,1.4350778172064,2.89027354773813,1.52896141272458
"4","10-4",10,"4",882.184,4137.66,943.222,4.690246026,1.069189648,36,NA,4.78811676475656,1.75473597344772,4.42764774695528,1.57790211565841,3.97876180025936,1.40786956009177,3.08779120909017,1.2446383067478,2.48247531127293,1.2446383067478,1.76153727567038,1.36026044453311,0.802553662274537,1.69352425344373,0.285654693351954,1.89756332012369,0.102019533339983,1.96557634235035,0.319661204465282,2.074397177913,0.612117200039901,2.053993271245,1.38066435120111,2.38045577793295,2.67291177350757,2.47567400905027,3.16940683576215,2.34644926681962,3.89714617358737,2.19001931569831,4.48205816473661,2.08119848013566,4.42084644473262,1.69352425344373,3.97876180025936,1.59830602232641,3.07418860464484,1.75473597344772
"5","10-5",10,"5",876.514,4291.321,1011.441,4.895895559,1.153935933,46,NA,4.79170897441456,1.3348332143012,4.34676456964749,1.17739134799901,3.92235606048506,1.13631955678974,2.87502538464873,1.17054604946413,2.30686560625386,1.30745202016169,1.55388276741729,1.54019217034754,0.492861494511211,2.14257844141679,0.157441866302193,2.30002030771899,0.0273811941395117,2.40269978574216,0.191668358976582,2.47115277109094,0.39702731502292,2.42323568134679,1.35536910990583,2.59436814471874,2.77919120516044,2.40269978574216,3.26520740113678,2.22472202383533,3.92920135901994,1.94406478390533,4.60004061543797,1.66340754397534,4.40152695792651,1.32798791576632,3.97711844876408,1.42382209525461,3.1351467289741,1.71132463371948
"6","10-6",10,"6",882.326,4319.654,948.683,4.89575735,1.075206896,33,NA,4.48133683015121,0.741222631997697,4.07332437217083,0.693621178566652,3.59050963022738,0.788824085428742,2.63848056160648,1.10843384418004,2.19646706546107,1.31244007317023,1.46204464109637,1.75445356931565,0.408012457980384,2.56367827764341,0.142804360293134,2.68608201503753,0.0476014534310448,2.79488533716563,0.217606644256205,2.83568658296367,0.394412042714371,2.79488533716563,1.3872423571333,2.77448471426661,2.74728388373458,2.34607163338721,3.18929737988,2.10126415859898,3.8285168973826,1.58444837849049,4.35213288512409,1.16283550524409,4.10732541033586,0.809224708327761,3.65851170655744,0.972429691519914,2.91728907455974,1.53004671742644
"7","11-1",11,"1",870.186,3342.264,696.026,3.840861609,0.7998588807,48,NA,4.03362039839758,1.53070722810985,3.68197144058856,1.3376450551951,3.26826678434266,1.22732381352952,2.57186394632872,1.11700257186395,2.11678882445822,1.11700257186395,1.56518261613034,1.19974350311313,0.744668381242631,1.37212044321559,0.358544035413119,1.43417614165247,0.206852328122953,1.51691707290166,0.386124345829512,1.57897277133854,0.579186518744268,1.60655308175494,1.3169598223828,1.86856603071068,2.46843778226724,2.00646758279264,2.6408147223697,1.98578234998035,3.02004399059511,1.90304141873117,3.73713206142135,1.83409064269018,3.68197144058856,1.46175645206887,3.24758155153036,1.40659583123608,2.58565410153691,1.40659583123608
"8","11-2",11,"2",870.021,3780.686,846.085,4.3455112,0.9724880204,31,NA,4.55851065663932,1.44134451927022,4.22748416417535,1.20686742044158,3.82749381911471,1.06893971524825,2.95165289113711,0.910322854275931,2.46200953770081,0.882737313237267,1.84823124959053,0.944804780574262,0.855151772198602,1.19997103518191,0.441368656618633,1.31031319933657,0.255166254607647,1.35858789615423,0.39309395980097,1.44134451927022,0.731016837524612,1.46203367504922,1.3861734371929,1.75857824121487,2.59304085763447,1.89650594640819,2.94475650587744,1.87581679062919,3.68266972866172,1.75857824121487,4.28955163151234,1.70340715913754,4.22058777891568,1.3034168140769,3.77921912229705,1.24824573199957,3.04130589951277,1.3241059698559
"9","11-3",11,"3",876.021,4206.068,948.076,4.801332388,1.082252594,28,NA,4.83550051882318,1.58215385247614,4.48619382412065,1.36983017530402,4.08209392240597,1.24654545952666,3.19170430845836,1.09586414024321,2.60267733307763,1.08216583849017,1.75338262438914,1.14380819637885,0.568479522751167,1.47941658932834,0.239720280678203,1.5342097963405,0.0547932070121607,1.61639960685874,0.253418582431243,1.71228771913002,0.479440561356406,1.71913687000654,1.27394206303274,1.93146054717866,2.71911289797847,2.21227573311599,3.21910091196444,2.19172828048643,3.78073128383909,2.0136503576969,4.55468533288586,1.88351649104302,4.45879722061457,1.52051149458746,4.03414986627033,1.47256743845182,3.19855345933488,1.55475724897006
"10","11-5",11,"5",888.081,4241.14,934.942,4.775622944,1.052766583,30,NA,4.81037202687593,1.49310704766795,4.44554044056792,1.28366669256521,4.06719657328554,1.1958368662318,3.09431234313086,1.09449475892402,2.56733338513041,1.12827546135994,1.79713336959129,1.22286142818054,0.635077205795417,1.6079614359501,0.310782462410523,1.70254740277069,0.0540491238974823,1.78362108861692,0.297270181436153,1.8849631959247,0.513466677026082,1.90523161738625,1.37149651889861,2.18898951784803,2.87135970705375,2.20925793930959,3.15511760751553,2.16196495589929,3.89153692061873,1.95928074128373,4.56715096933726,1.7903772291041,4.43878430008074,1.43230178328328,4.01314744938806,1.41203336182173,3.17538602897709,1.56742459302699
"11","11-6",11,"6",864,3324.655,732.221,3.847980324,0.8474780093,38,NA,4.125,1.55555555555556,3.79861111111111,1.34722222222222,3.36111111111111,1.22222222222222,2.625,1.18055555555556,2.23611111111111,1.20833333333333,1.65972222222222,1.28472222222222,0.805555555555556,1.53472222222222,0.368055555555556,1.59722222222222,0.243055555555556,1.64583333333333,0.423611111111111,1.76388888888889,0.736111111111111,1.77083333333333,1.375,1.97222222222222,2.42361111111111,2.0625,2.66666666666667,2.02777777777778,3.15972222222222,1.88194444444444,3.84722222222222,1.83333333333333,3.78472222222222,1.39583333333333,3.39583333333333,1.375,2.69444444444444,1.43055555555556
"12","11-7",11,"7",858.336,3402.529,799.825,3.964099141,0.9318320564,27,NA,4.06134660552511,1.31417067442121,3.74678447600939,1.12543339671178,3.34134884241136,0.999608544905492,2.5304775752153,0.950676658091936,2.10407113298289,0.999608544905492,1.4330052566827,1.06951124035343,0.419416172687619,1.27222905715244,0.209708086343809,1.29319986578682,0.0978637736271111,1.36310256123476,0.209708086343809,1.44698579577228,0.468348059501174,1.50290795213063,1.09048204898781,1.761547925288,2.40465272340901,1.94329493345263,2.61436080975282,1.88038250754949,3.22251426014987,1.67067442120568,3.82367744100213,1.57281064757857,3.73280393691981,1.21630690079409,3.34833911195616,1.19533609215971,2.69824404429035,1.28620959624203
"13","11-8",11,"8",864.333,3000.024,708.025,3.470912253,0.8191576626,35,NA,4.09564369288226,1.63131570818192,3.74855524433291,1.43694617699428,3.42229210269653,1.33281964242948,2.70728989868488,1.20786780095172,2.33243437425159,1.23563487683566,1.83262700834054,1.30505256654553,1.04126534564803,1.52718917361711,0.735827510924609,1.54107271155909,0.652526283272766,1.62437393921093,0.728885741953622,1.68684985994981,0.916313504170268,1.72155870480475,1.64519924612389,1.90898646702139,2.42961913984541,2.08253069129606,2.73505697456883,2.04088007747014,3.13073780591508,1.97840415673126,3.8110311650718,1.91592823599238,3.7554970133039,1.60354863229797,3.3875832578416,1.61743217023994,2.71423166765587,1.63131570818192
"14","11-9",11,"9",888.182,4158.974,966.298,4.682569563,1.087950443,48,NA,4.76929278008336,1.6415554469692,4.41125805296662,1.45916039730596,4.03295720922063,1.35782981415971,3.14124807753366,1.20245625333547,2.62783978959267,1.18894550891597,1.8307058688422,1.22272236996471,0.560695893409234,1.47942651393521,0.283725632809492,1.49293725835471,0.0810644665169976,1.59426784150095,0.276970260599742,1.6550661913887,0.553940521199484,1.68884305243745,1.35107444194996,1.99959017408594,2.76970260599742,2.28331580689543,3.15475882195316,2.24278357363693,3.92487125386464,2.04687777955419,4.49232251948362,1.95230256861769,4.40450268075687,1.59426784150095,3.97891423154263,1.5469802360327,3.18853568300191,1.68884305243745
"15","13-1",13,"1",870.186,3156.006,798.361,3.626817715,0.9174601752,22,NA,4.09567609683447,1.64102846977543,3.73023698381725,1.44107121925657,3.37169294840413,1.3169598223828,2.70287042080659,1.17216319269673,2.26848053174838,1.19284842550903,1.79272017706559,1.25490412394591,1.04805179582296,1.48244168488116,0.620556984368859,1.58586784894264,0.503340665099186,1.64792354737953,0.620556984368859,1.73066447862871,0.875674855720501,1.751349711441,1.55828753852625,1.93751680675166,2.37880177341396,2.11678882445822,2.80629658486806,2.04094297081314,3.11657507705249,2.00646758279264,3.80608283746234,1.91683157393936,3.73713206142135,1.59276292654674,3.37169294840413,1.59276292654674,2.6339196447656,1.64792354737953
"16","13-10",13,"10",865.686,3330.346,900.72,3.847060019,1.040469639,40,NA,4.15162079553094,1.68421344459769,3.72190378497515,1.45549310026961,3.3545650501452,1.33766746834302,2.64761125858568,1.19211815831606,2.21096332850479,1.19211815831606,1.66342068602241,1.30301287071756,0.616851837733312,1.65648976649732,0.464371608181257,1.65648976649732,0.284167700528829,1.75352263984863,0.499026205806724,1.82976275462466,0.609920918208219,1.83669367414975,1.40004574406887,2.08620677705311,2.31492712138119,2.2040324089797,2.70998953431152,2.19017056992951,3.02881183246581,2.05155217942764,3.83972941690174,1.9891739037018,3.72190378497515,1.60104241029657,3.31991045251974,1.55945689314601,2.57830206333474,1.65648976649732
"17","13-12",13,"12",888.507,3702.005,894.725,4.166545677,1.006998257,46,NA,4.29484517285739,1.66121369893541,3.91668270480705,1.43836795883431,3.55202603918709,1.34382734182173,2.76868949822568,1.16825191022693,2.32299801802349,1.1817577126573,1.64770789650504,1.25603962602433,0.546984998429951,1.55992018070764,0.317386357113675,1.57342598313801,0.148563826734061,1.67471950136577,0.32413925832886,1.72874271108725,0.567243702075504,1.75575431594799,1.31681573696099,2.04612906820093,2.43779733868163,2.21495159858054,2.85647721402307,2.13391678399833,3.47099122460487,2.01911746334019,4.06524653154111,1.93808264875797,3.91668270480705,1.58017888435319,3.51150863189598,1.60719048921393,2.78894820187123,1.65446079772022
"18","13-13",13,"13",888.729,4182.108,942.306,4.705717941,1.060284969,24,NA,4.77985977727744,1.66754995054735,4.30727477104944,1.34349166056244,3.92920676606705,1.1747113011953,3.03129525423386,0.978926084329419,2.51820296175775,0.99242851307879,1.76881816616764,1.08694551432439,0.614360508096394,1.49201837680553,0.256546146238055,1.57303294930176,0.0742633581215421,1.67430116492204,0.26329736061274,1.75531573741827,0.567102007473594,1.76206695179295,1.46501351930679,1.98485702615758,2.59921753425397,2.11313009927661,2.99078796798574,2.05236916990444,3.59164604733276,1.98485702615758,4.43554784416847,1.95785216865884,4.30727477104944,1.51902323430427,3.84819219357082,1.49201837680553,2.97728553923637,1.4582623049321
"19","13-14",13,"14",876.739,3786.171,918,4.318469921,1.047061896,29,NA,4.33196196359464,1.30027294325905,3.92134945519704,1.01968772918736,3.51073694679945,0.910191060281338,2.68951193000425,0.732258973309046,2.21046400354039,0.759633140535553,1.4918921138446,0.807537933181939,0.451673759237356,1.13602793990002,0.123183752519279,1.19077627435303,0.0068435418066266,1.26605523422592,0.0889660434861458,1.34817773590544,0.369551257557836,1.40292607035845,1.1565585653199,1.70404190985002,2.27205587980003,1.85459982959581,2.76479088987715,1.7998514951428,3.40124027789342,1.66982420081689,4.04453320771632,1.56032753191087,3.92134945519704,1.19761981615966,3.47651923776631,1.16340210712652,2.71004255542413,1.25921169241929
"20","13-15",13,"15",876.514,3921.104,1023.963,4.473521244,1.168222071,32,NA,4.49051583887993,1.60179985716144,4.07295262825237,1.3348332143012,3.67592531322945,1.22530843774315,2.83395359343947,1.06102127290608,2.31371090478874,1.08840246704559,1.60179985716144,1.23215373627803,0.383336717953164,1.67025284251022,0.184823060441704,1.69078873811485,0.0136905970697559,1.81400411174265,0.184823060441704,1.86876650002168,0.458635001836822,1.8619212014868,1.19792724360364,2.07412545606801,2.60805874178849,2.25894851650972,2.95032366853239,2.18365023262606,3.52532874546214,1.99198187364948,4.20985859894993,1.88930239562631,4.09348852385701,1.54019217034754,3.66908001469457,1.54019217034754,2.86133478757898,1.62233575276607
"21","13-2",13,"2",888.081,3529.474,835.746,3.974270365,0.9410695646,18,NA,4.52661412641414,1.63498599789884,4.23610008546518,1.46608248571921,3.84424393720843,1.33771581646269,3.06728778118212,1.21610528769335,2.62138250902789,1.23637370915491,1.93225617933499,1.31744739500113,0.864785982359717,1.67552284082195,0.70263861066727,1.68227898130914,0.540491238974823,1.76335266715536,0.736419313103197,1.81740179105284,0.93234738723157,1.8376702125144,1.6552544193604,2.0200860056684,2.7565053187716,2.19574565833522,3.1213369050796,2.12818425346337,3.7226334084391,1.97954916274529,4.27663692838829,1.91198775787344,4.23610008546518,1.59444915497573,3.79695095379813,1.56742459302699,3.09431234313086,1.64174213838603
"22","13-3",13,"3",864.021,3178.007,836.155,3.678159443,0.9677484691,41,NA,4.15267684466003,1.43746506161309,3.7637974077019,1.26385817011392,3.35408514376387,1.20135968917422,2.65965757776721,1.13191693257456,2.23605676250924,1.19441541351425,1.73606891499165,1.31246809973369,0.99997569503519,1.58329485047238,0.645817636376894,1.65968188273202,0.520820674497495,1.72912463933168,0.67359473901676,1.81940022291125,0.881923008815758,1.83328877423118,1.54857347217255,1.99995139007038,2.38883082702851,2.14578117892968,2.79854309096654,2.08328269798998,3.21519963056453,1.87495442819098,3.93046002354109,1.76384601763152,3.74990885638196,1.39579940765329,3.3679736950838,1.38885513199332,2.68049040474711,1.44440933727305
"23","13-4",13,"4",894.181,3624.045,990.164,4.052921053,1.107341802,30,NA,4.50244413603062,1.93920470240365,4.1602315414888,1.70435292183574,3.79117874345351,1.57015190436835,3.01952289301607,1.35543027642055,2.46929872139981,1.34201017467381,1.83184388842975,1.41582073428087,0.832046308297761,1.7982936340629,0.563644273362999,1.85197404104985,0.449573408515726,1.95262480415039,0.597194527729844,2.00630521113734,0.932697071398296,2.03314541463082,1.43595088690097,2.2747072460721,2.66389019672751,2.48942887401991,3.04636309650954,2.43574846703296,3.76433853996003,2.254577093452,4.23404210109586,2.19418663559168,4.15352149061543,1.83184388842975,3.75762848908666,1.78487353231616,2.96584248602911,1.80500368493627
"24","13-5",13,"5",883.305,3390.51,866.081,3.838436327,0.9805005066,36,NA,4.68694278873096,1.82043574982594,4.27258987552431,1.55552159220201,3.89899298656749,1.44683886086912,3.17896989148709,1.32457078811962,2.88688505102994,1.37891215378606,2.16686195594953,1.49438755582726,1.19551004466181,1.93591115186714,1.02569327695417,1.96308183470036,0.862669179954829,2.07176456603325,1.03927861837078,2.132898602408,1.32457078811962,2.132898602408,2.05138655390833,2.23478866303259,2.88688505102994,2.33667872365717,3.26727461069506,2.31630071153226,3.62049348752696,2.1261059316997,4.34051658260737,2.11252059028308,4.27258987552431,1.76609438415949,3.85823696231766,1.74571637203457,3.11104318440403,1.7796797255761
"25","13-6",13,"6",876.185,3180.006,830.713,3.629377358,0.9481022843,48,NA,4.01969903616245,1.349030170569,3.67045772296946,1.23946426839081,3.30067280311806,1.14359410398489,2.49262427455389,1.06141967735124,2.13653509247476,1.15044197287103,1.65718427044517,1.23261639950467,0.903918692970092,1.56816197492539,0.58206885532165,1.72566295930654,0.424567870940498,1.84207673037087,0.58206885532165,1.86262033702928,0.712178364158254,1.86946820591542,1.43805246608878,1.99957771475202,2.34197115905887,2.04751279695498,2.62273378339049,2.02012132141043,3.07469312987554,1.83522886148473,3.82795870735062,1.66403213933131,3.65676198519719,1.37642164611355,3.27328132757351,1.37642164611355,2.54055935675685,1.49283541717788
"26","13-7",13,"7",894.322,3478.852,863.354,3.889932262,0.965372651,32,NA,4.42793535214386,1.44243348592565,4.00526879580285,1.25458168310743,3.58931123241964,1.1807827605717,2.992210859176,1.10698383803596,2.51587235917265,1.14052880282493,1.93218997184459,1.25458168310743,1.03989390845803,1.62357629578608,0.731280232399516,1.73092018311078,0.57697339437026,1.8181370915621,0.744698218315104,1.90535400001342,1.02647592254244,1.89864500705562,1.65712126057505,2.0328248662115,2.72385114086425,2.17371371832517,3.01233783804938,2.04624285212709,3.44171338734818,1.89193601409783,4.1662846267899,1.77788313381534,3.99855980284506,1.38205254930551,3.62285619720861,1.35521657747433,2.93182992255586,1.42230650705227
"27","13-8",13,"8",876.514,3156.279,804.806,3.600945336,0.9181895554,25,NA,4.33307397257773,1.69078873811485,3.99080904583384,1.50596567767315,3.53901934253189,1.41013149818485,2.84079889197434,1.26638022895242,2.49853396523045,1.32114261723144,1.99198187364948,1.37590500551047,1.0541759743712,1.63602634983583,0.86250761539462,1.67025284251022,0.759828137371451,1.74555112639387,0.848817018324864,1.82769470881241,1.08155716851071,1.83454000734729,1.74555112639387,1.9851365751146,2.64913053299776,2.27263911357948,2.90240657878825,2.21103142676557,3.26520740113678,2.11519724727728,4.04557143411286,2.02620836632387,3.9702731502292,1.71132463371948,3.55955523813653,1.73186052932412,2.92294247439288,1.81400411174265
"28","13-9",13,"9",888.02,3295.683,902.875,3.711271143,1.016728227,31,NA,4.39179297763564,1.79050021395915,4.0674759577487,1.56753226278687,3.70937591495687,1.39186054368145,2.97966262021126,1.15537938334722,2.5675097407716,1.1621359879282,2.07427760636022,1.17564919709016,1.06754352379451,1.39861714826243,0.878358595527128,1.39861714826243,0.689173667259746,1.44591338032927,0.885115200108106,1.56753226278687,1.0405171054706,1.6215850994347,1.74996058647328,1.93238891015968,2.61480597283845,2.17562667507489,2.91885317898246,2.16211346591293,3.37154568590798,2.02022476971239,4.04720614400577,2.05400779261728,4.07423256232968,1.69590774982545,3.63505326456611,1.58104547194883,2.93236638814441,1.60807189027274
"29","14-1",14,"1",870.186,3882.042,894.181,4.461163475,1.027574565,32,NA,4.76449862443202,1.73066447862871,4.32321365776972,1.45486137446477,3.9508794671484,1.330749977591,3.03383414580331,1.18595334790493,2.53738855830822,1.21353365832132,1.88925126352297,1.3031696671746,0.765353614054926,1.59965800415084,0.510235742703284,1.63413339217133,0.317173569788528,1.73755955623281,0.524025897911481,1.78582509946149,0.758458536450828,1.84788079789838,1.37901552081969,2.03404789320904,2.68218518799429,2.25469037654019,3.0752046114279,2.2202149885197,3.64749605256807,2.10299866925002,4.47490536505988,2.06852328122953,4.31631858016562,1.63413339217133,3.88192869110742,1.62723831456723,3.1027849218443,1.72376940102461
"30","14-10",14,"10",780.369,4117.928,816,5.276898493,1.045659169,12,NA,5.37438058149414,1.90679024922825,4.91306035990666,1.59155476447681,4.48249481975834,1.39933800548202,3.3676376175886,1.34551731296348,2.73716664808571,1.36089465368307,1.952922271387,1.46853603872014,0.645848310222472,1.69150747915409,0.315235484751444,1.71457349023347,0.11533005539687,1.76070551239221,0.292169473672071,1.87603556778908,0.592027617703932,1.96829961210658,1.49929072015931,2.26046908577865,3.02933612175778,2.42193116333427,3.3676376175886,2.39886515225489,4.14419332392753,2.26815775613844,5.02070174494374,2.17589371182095,4.88999434882729,1.66075279771493,4.44405146795939,1.58386609411701,3.49065634334526,1.66844146807472
"31","14-11",14,"11",870,3672.005,810.555,4.220695402,0.9316724138,16,NA,4.56551724137931,1.56551724137931,4.24827586206897,1.38620689655172,3.82758620689655,1.27586206896552,2.97931034482759,1.2,2.51724137931034,1.22758620689655,1.86206896551724,1.29655172413793,0.76551724137931,1.51034482758621,0.503448275862069,1.51724137931034,0.337931034482759,1.5448275862069,0.524137931034483,1.66206896551724,0.696551724137931,1.69655172413793,1.51724137931034,2.01379310344828,2.64827586206897,2.16551724137931,3.06896551724138,2.11724137931034,3.72413793103448,1.97931034482759,4.31034482758621,1.86206896551724,4.24827586206897,1.47586206896552,3.8,1.46206896551724,3.02068965517241,1.63448275862069
"32","14-12",14,"12",870.083,3504.082,846.085,4.027296246,0.9724187233,26,NA,4.61335297896867,1.67570220312315,4.32372543768813,1.49640896328281,3.91686770112736,1.35159519264254,3.11004812184585,1.26884446656239,2.6066478715249,1.2757403604024,2.00670510744377,1.3309075111225,0.903362093041698,1.58605558320298,0.737860640881387,1.59295147704299,0.579255082561089,1.66191041544312,0.730964747041374,1.75845292920331,0.951633349921789,1.77224471688333,1.58605558320298,2.0756640458439,2.79283700520525,2.28254086104429,3.13073580336589,2.22737371032419,3.73067856744701,2.08255993968392,4.40647616376828,1.95153795672367,4.33062133152814,1.60674326472302,3.90997180728735,1.53778432632289,3.15142348488592,1.7032857784832
"33","14-13",14,"13",864.521,3081.653,625.038,3.564578535,0.7229876429,15,NA,4.09475304821977,1.31864928671484,3.8310231908768,1.16596357983207,3.47012970188116,1.04103891056435,2.68588038925602,1.0132778729493,2.34580767847166,1.04797916996811,1.75588562915187,1.13126228281326,0.770368793817617,1.39499214015623,0.652384383953658,1.45745447479009,0.541340233493461,1.52685706882771,0.673205162164945,1.56155836584652,0.936935019507912,1.53379732823147,1.45745447479009,1.70730381332553,2.54707520118077,1.73506485094058,2.82468557733126,1.71424407272929,3.31744399499839,1.61014018167286,3.90736604431818,1.56155836584652,3.81714267206927,1.23536617386969,3.44236866426611,1.19372461744712,2.86632713375384,1.31864928671484
"34","14-2",14,"2",864.083,3445.024,792.091,3.986913294,0.9166839297,26,NA,4.2148728767954,1.4720808070521,3.85379645242413,1.27765504008295,3.43716980891882,1.16655460181487,2.71501696017628,1.12489193746434,2.24978387492868,1.15961082442312,1.63873146445423,1.23599237573242,0.597164855690946,1.38875547835104,0.388851533938291,1.36098036878402,0.249975986103187,1.40264303313455,0.409682866113556,1.49985591661912,0.833253287010623,1.64567524184598,1.38875547835104,1.90259500534092,2.40949075493905,2.02063922100076,2.75667962452681,1.99980788882549,3.29829426108372,1.84704478620688,3.90240289416642,1.80538212185635,3.83990889764062,1.37486792356753,3.38856336717653,1.31237392704173,2.66641051843399,1.45124947487683
"35","14-4",14,"4",864.333,3279.432,828.196,3.79417655,0.9581908824,26,NA,4.24836261024397,1.6937916289208,3.88044885478166,1.40223733213935,3.51947686829035,1.29116902860356,2.7489405125108,1.1662171871258,2.29078376042567,1.23563487683566,1.76320931863067,1.36752848728441,0.715002204011648,1.73544224274672,0.583108593562898,1.76320931863067,0.478982058998094,1.8534523152535,0.610875669446845,1.89510292907942,0.770536355779543,1.92981177393435,1.56189801847205,2.04782184644113,2.50597859852626,2.117239536151,2.79753289530771,2.11029776718001,3.31122379916074,2.00617123261521,3.97069185140449,1.95063708084731,3.88739062375265,1.5341309425881,3.49865156137739,1.45777148390724,2.69340636074291,1.55495624950106
"36","14-5",14,"5",864.021,3081.092,702.41,3.56599203,0.8129547777,30,NA,4.10406691504026,1.40968795897322,3.73602030506203,1.18052686219432,3.39575079772367,1.10413982993469,2.68743468040707,1.06941845163486,2.34716517306871,1.13191693257456,1.78467884461142,1.20135968917422,0.847201630515925,1.44440933727305,0.638873360716927,1.45135361293302,0.534709225817428,1.54857347217255,0.65276191203686,1.60412767745228,0.847201630515925,1.61107195311225,1.54162919651258,1.79162312027138,2.44438503230824,1.95134146045061,2.74993316134677,1.88189870385095,3.24992100886437,1.74995746631158,3.8471287156215,1.65968188273202,3.7637974077019,1.27080244577389,3.37491797074377,1.25691389445395,2.70132323172701,1.34024520237355
"37","14-6",14,"6",876.514,3450.829,832.25,3.93699245,0.9494999509,31,NA,4.22354919601969,1.38275030404534,3.86074837367116,1.20477254213852,3.45003046157848,1.12262895971998,2.62859463739313,1.10209306411535,2.18365023262606,1.18423664653388,1.60179985716144,1.29376142309193,0.711911047627305,1.62918105130095,0.458635001836822,1.71816993225436,0.335419628209019,1.82084941027753,0.458635001836822,1.85507590295192,0.691375152022672,1.82769470881241,1.43751269232437,2.03305366485875,2.48484336816069,2.1083519487424,2.77234590662556,2.02620836632387,3.29258859527629,1.86876650002168,3.95658255315945,1.72501523078924,3.85390307513628,1.31429731869656,3.46372105864824,1.30745202016169,2.69020232420703,1.43751269232437
"38","14-7",14,"7",876.082,3132.207,660.981,3.575244098,0.7544738963,34,NA,4.20508582529946,1.54780032006136,3.90374417006627,1.37658347049705,3.54076444898993,1.2670046867759,2.8285023548024,1.1916692729676,2.41073324186549,1.23276131686303,1.85599064927712,1.3149454046539,1.06154446729872,1.49301092820078,0.780748834013254,1.52040562413107,0.657472702326951,1.56834634200908,0.773900160030682,1.64368175581738,0.986209053490427,1.70531982166053,1.6642277777651,1.94502341105056,2.54085804753436,2.01351015087629,2.86274572471527,1.95187208503314,3.30790953358247,1.86968799724227,3.90374417006627,1.83544462732941,3.88319814811856,1.47931358023564,3.49282373111193,1.43822153634021,2.80795633285469,1.53410297209622
"39","14-8",14,"8",882.184,3528.005,822.35,3.999171375,0.9321751471,49,NA,4.44125035140062,1.59830602232641,4.04677482248601,1.32625393341979,3.63869668912608,1.19022788896647,2.93136125796886,1.09500965784916,2.4484688001596,1.10181096007182,1.95197373790502,1.19022788896647,0.884169288946524,1.48268388454109,0.646123711153229,1.51669039565442,0.469289853363924,1.59830602232641,0.632521106707898,1.6799216489984,0.850162777833196,1.70032555566639,1.59830602232641,1.95197373790502,2.61170005350358,2.04039066679967,2.97216907130485,2.01998676013167,3.33943939132879,1.92476852901436,4.11478784471267,1.8567555067877,4.03997352026335,1.46908128009576,3.62509408468075,1.43507476898243,2.8633482357422,1.52349169787709
"40","14-9",14,"9",876.185,4182.62,901.998,4.773672227,1.029460673,20,NA,4.81405182695435,1.56816197492539,4.44426690710295,1.349030170569,4.07448198725155,1.19152918618785,3.10893247430623,1.09565902178193,2.52001575009844,1.13674623509875,1.82153312371246,1.22576853061853,0.520438035346417,1.56816197492539,0.225979673242523,1.58185771269766,0.109565902178193,1.65033640155903,0.260219017673208,1.75305443485109,0.547829510890965,1.80783738594018,1.4038131216581,2.08175214138567,2.74599542334096,2.17762230579159,3.20480263871214,2.12968722358863,3.87589378955358,1.93794689477679,4.51959346485046,1.85577246814314,4.44426690710295,1.44490033497492,4.00600329839018,1.41066099054423,3.08838886764781,1.55446623715311
"41","15-10A",15,"10A",870.021,3821.133,870.745,4.392000883,1.000832164,16,NA,4.66885282079398,1.48272283082822,4.31024078729134,1.2620385025189,3.89645767171137,1.16548910888358,3.02751312899344,1.07583610050792,2.51028423451848,1.11031802680625,1.88271317588886,1.19307464992224,0.765498763822942,1.57927222446355,0.475850582916964,1.64133969180054,0.289648180905978,1.72409631491654,0.48274696817663,1.82064570855186,0.855151772198602,1.79995655277286,1.46893006030889,1.95167702848552,2.73786494808746,2.12408665997717,3.06199505529177,2.07581196315951,3.73094442547939,1.91029871692752,4.40679018092667,1.7516818559552,4.31713717255101,1.33789874037523,3.87576851593237,1.3241059698559,3.1171661373691,1.3654842814139
"42","15-11A ",15,"11A ",876.185,3588.607,876.514,4.09571837,1.000375491,19,NA,4.09502559390996,1.55446623715311,3.82111083846448,1.349030170569,3.41023870529626,1.21207279284626,2.5679508323014,1.05457180846511,2.0886000102718,1.05457180846511,1.36272590834128,1.12305049732648,0.301306230990031,1.47229181051947,0.0479350822029594,1.56131410603925,0.00684786888613706,1.65033640155903,0.0890222955197818,1.70511935264813,0.273914755445482,1.69827148376199,0.986093119603737,1.93109902589065,2.23925312576682,2.11599148581635,2.64327739004891,2.02696919029657,3.26643345868738,1.86946820591542,3.85535018289517,1.8283809925986,3.77317575626152,1.47913967940561,3.38284722975171,1.41066099054423,2.67066886559345,1.45859607274719
"43","15-1A",15,"1A",864,3150.091,840,3.645938657,0.9722222222,27,NA,4.52777777777778,1.52777777777778,4.20138888888889,1.30555555555556,3.82638888888889,1.1875,3.02777777777778,1.06944444444444,2.67361111111111,1.09722222222222,2.09722222222222,1.14583333333333,1.375,1.35416666666667,1.00694444444444,1.4375,0.847222222222222,1.50694444444444,1.00694444444444,1.59722222222222,1.25,1.625,1.89583333333333,1.86111111111111,2.77083333333333,2.04166666666667,3.09722222222222,2.03472222222222,3.59027777777778,1.875,4.21527777777778,1.83333333333333,4.1875,1.42361111111111,3.8125,1.35416666666667,3.11805555555556,1.4375
"44","15-2A",15,"2A",882.02,3540.02,936.019,4.013537108,1.061221968,49,NA,4.39445817555158,1.66662887462869,4.0135144327793,1.4217364685608,3.61216298950137,1.29929026552686,2.86388063762726,1.16323892882248,2.44212149384368,1.14283122831682,1.74825967665132,1.21765946350423,0.850320854402394,1.53738010475953,0.557810480487971,1.57139293893563,0.374141175937054,1.65302374095825,0.48298224530056,1.75506224348654,0.789097752885422,1.76186481032176,1.51697240425387,2.03396748373053,2.53055486270153,2.21083422144623,2.77544726876942,2.19042652094057,3.4080859844448,2.03396748373053,4.12235550214281,1.97274438221356,4.00671186594408,1.58499807260606,3.60536042266615,1.55098523842997,2.83667037028639,1.65982630779347
"45","15-3A",15,"3A",870.186,3259.243,798.812,3.745455569,0.9179784552,39,NA,4.02672532079348,1.36522536561149,3.64060097496397,1.12389764946804,3.26137170673856,1.02047148540657,2.53049348070413,0.951520709365584,2.12368390206232,0.985996097386076,1.57897277133854,1.08942226144755,0.537816053119678,1.37901552081969,0.358544035413119,1.39970075363198,0.248222793747544,1.48933676248526,0.448180044266398,1.53070722810985,0.620556984368859,1.56518261613034,1.22732381352952,1.7651398666492,2.24090022133199,1.88235618591887,2.56496886872462,1.86856603071068,3.082099689032,1.71687432342051,3.66128620777627,1.66860878019182,3.62681081975578,1.24800904634182,3.22000124111397,1.19284842550903,2.50980824789183,1.3169598223828
"46","15-5A",15,"5A",864.187,2911.583,690.104,3.369158527,0.7985586453,24,NA,4.48514036892478,1.43024599999769,4.16576504853695,1.26361539805621,3.77001736892594,1.19418598058059,3.02712260193685,1.18030009708547,2.58971727184047,1.19418598058059,2.22868430096727,1.23584363106596,1.57604777669648,1.41636011650256,1.27055833980377,1.49273247572574,1.14558538834766,1.54827600970623,1.27055833980377,1.61770542718185,1.44413188349281,1.63853425242453,2.04816781553067,1.8607083883465,2.89520670873318,2.02039604854042,3.09655201941246,1.96485251455993,3.6867020679552,1.8259936796087,4.24213740776013,1.70796366990015,4.17270799028451,1.33998775727939,3.76307442717838,1.31221599028914,3.11738084465515,1.38164540776475
"47","15-6A",15,"6A",864.021,3523.655,780.023,4.078205275,0.9027824555,41,NA,4.50683490331832,1.54857347217255,4.24989670389956,1.32635665105362,3.8471287156215,1.16663831087439,3.02075991208547,1.07636272729482,2.56938199418764,1.07636272729482,1.77079029329148,1.09025127861476,0.854145906175892,1.30552382407372,0.541653501477395,1.34718947803352,0.423600815257963,1.42357651029315,0.576374879777228,1.48607499123285,0.847201630515925,1.48607499123285,1.45135361293302,1.70134753669182,2.64576902644727,1.99300711441041,3.0554812903853,1.96523001177055,3.70824320242216,1.79162312027138,4.27072953087946,1.75690174197155,4.22211960125969,1.38191085633335,3.81240733732166,1.34024520237355,3.117979771325,1.32635665105362
"48","15-9A",15,"9A",876.185,3630.317,894.081,4.143322472,1.02042491,24,NA,4.21828723386043,1.75990230373722,3.9717639539595,1.55446623715311,3.60882690299423,1.41066099054423,2.69121247225186,1.2189206617324,2.24610099465296,1.23946426839081,1.52022689272243,1.32163869502445,0.376632788737538,1.63664066378676,0.246523279900934,1.63664066378676,0.0890222955197818,1.7188150904204,0.253371148787071,1.81468525482632,0.51359016646028,1.8283809925986,1.26685574393536,2.06805640361339,2.3830583723757,2.24610099465296,2.78708263665778,2.19816591245,3.41708657418239,2.04066492806884,3.96491608507336,2.02012132141043,3.9169810028704,1.66403213933131,3.51980460747445,1.60240131935607,2.79393050554392,1.65033640155903
"49","16-10A",16,"10A",870.083,3313.065,726.223,3.807757421,0.834659452,37,NA,4.18580756088787,1.74466114152328,3.86859644424727,1.57226379552296,3.52380175224662,1.42745002488268,2.85490004976537,1.26194857272237,2.37908337480447,1.26194857272237,1.77224471688333,1.36538698032257,0.662005808641245,1.59295147704299,0.496504356480933,1.59295147704299,0.351690585840661,1.63432684008307,0.462024887280869,1.72397346000324,0.703381171681322,1.73776524768327,1.46882538792276,2.02739278896381,2.45493820704462,2.15151887808404,2.84110826208534,2.10324762120395,3.36519619392633,2.0204968951238,3.97893074568748,1.97222563824371,3.8823882319273,1.69638988464319,3.49621817688657,1.66191041544312,2.85490004976537,1.71018167232322
"50","16-11A",16,"11A",876.329,3722.786,801.803,4.248160223,0.9149565974,31,NA,4.58731823322063,1.51997708623131,4.29290825705871,1.32142152091281,3.90264387005337,1.20502687917437,3.06734114698932,1.11601921196263,2.57437560550889,1.16394641738434,1.91024147323665,1.25295408459608,0.718908081325621,1.60213800981138,0.534046003270461,1.62952498433807,0.383417643373664,1.69114567702313,0.534046003270461,1.75276636970818,0.759988543115656,1.75276636970818,1.46520313717793,1.96501542229003,2.77977791445907,2.06771657676512,3.16319555783273,2.05402308950177,3.77940248468326,1.87600775507829,4.38191592427045,1.76645985697153,4.27921476979536,1.41042918812455,3.90949061368504,1.37619546996619,3.16319555783273,1.48574336807295
"51","16-12A",16,"12A",900.18,3642.969,829.065,4.046933947,0.9209991335,29,NA,4.52576151436379,1.72632140238619,4.21915616876625,1.5130307271879,3.84589748716923,1.36639338798907,3.08604945677531,1.22642138239019,2.63947210557888,1.24641738319003,1.98626941278411,1.33973205358928,0.873158701593015,1.6996600679864,0.619876024795041,1.75298273678598,0.479904019196161,1.83296673998534,0.646537359194828,1.87962407518496,1.01313070719189,1.90628540958475,1.57301872958742,2.05292274878358,2.74611744317803,2.15956808638272,3.10604545757515,2.14623741918283,3.72592148237019,1.97293874558422,4.24581750316603,1.95960807838432,4.19249483436646,1.6130107311871,3.83923215356929,1.56635339598747,3.05272278877558,1.63967206558688
"52","16-13A",16,"13A",871.013,3624.243,793.113,4.160951674,0.9105639066,23,NA,4.31910889963755,1.81857216826844,4.00223647637865,1.63947036381776,3.6509213984177,1.50858827594996,2.83118621650882,1.41214884278421,2.40409729820336,1.41214884278421,1.69457861134105,1.50858827594996,0.557971006173272,1.79790657544721,0.275541237616431,1.84612629203008,0.158436211629448,1.90123453955337,0.323760954199306,1.95634278707666,0.619967784636969,1.99078544177871,1.27437822397599,2.14233312246775,2.51431379324993,2.34898905068007,2.88629446403211,2.30765786503761,3.52692784149031,2.1147789987061,4.0986759095444,2.045893689302,4.01601353825947,1.7290212660431,3.61647874371565,1.66013595663899,2.88629446403211,1.69457861134105
"53","16-14A",16,"14A",900.32,3690.59,823.4,4.099198063,0.9145637107,19,NA,4.45175048871512,1.74604585036431,4.09187844322019,1.52612404478408,3.75199928914164,1.42615958770215,2.92562644393105,1.32619513062022,2.45912564421539,1.33285942775902,1.85933890172383,1.39950239914697,1.00630886795806,1.61275990758841,0.526479473964812,1.73271725608672,0.37986493691132,1.79936022747468,0.539808068242403,1.84601030744624,0.766394170961436,1.87266749600142,1.4994668562289,2.08592500444286,2.59241158699129,2.28585391860672,2.95894792962502,2.22587524435756,3.60538475208815,2.0326106273325,4.19850719744091,1.97263195308335,4.08521414608139,1.64608139328239,3.74533499200284,1.59943131331082,2.91896214679225,1.71272436467034
"54","16-15A",16,"15A",882.082,3258.088,732.885,3.693633925,0.8308581288,23,NA,4.28531587766217,1.70052217367546,3.98602397509529,1.55087622239202,3.65272162905489,1.42843862588739,2.85687725177478,1.31280311807746,2.51677281703969,1.32640729546686,1.8501681249589,1.40123027110858,1.01351121551058,1.61889710933904,0.741427667722502,1.65290755281255,0.571375450354956,1.71412635106487,0.748229756417204,1.77534514931718,0.925084062479452,1.78214723801189,1.4760532467503,1.94539736668473,2.61880414746021,2.14265793883108,2.97931484827941,2.11544958405228,3.53028403255026,1.99981407624234,3.94521144292708,1.94539736668473,3.99282606378999,1.65970964150725,3.60510700819198,1.62569919803374,2.98611693697411,1.71412635106487
"55","16-16A",16,"16A",888.324,3798.384,882.51,4.275899334,0.9934550907,34,NA,4.57941021519175,1.74260742701987,4.28222135166899,1.58050441055291,3.87020951814878,1.42515568643873,2.97864292758048,1.3103327164413,2.50584246288516,1.31708700879409,1.931727612898,1.34410417820525,0.878058005862726,1.58050441055291,0.506571926459265,1.64129304172802,0.33096032528672,1.68857308819755,0.452537587636943,1.78313318113661,0.634903481162279,1.79664176584219,1.32384130114688,2.04655058289543,2.69496264876329,2.28970510759588,3.06644872816675,2.24242506112635,3.7216150863874,2.08707633701217,4.32950139813852,1.99251624407311,4.26195847461062,1.64129304172802,3.87020951814878,1.59401299525849,3.12048306698907,1.63453874937523
"56","16-17A",16,"17A",870.517,2736.322,564.128,3.143329768,0.6480378901,23,NA,3.74949598916506,1.70932905388407,3.52893740156711,1.58526484836023,3.1980995201702,1.46120064283638,2.55710112496367,1.38538362834959,2.19180096425458,1.39916854007446,1.68175923043433,1.47498555456125,0.944266453153701,1.66797431870946,0.71681540969332,1.71622150974651,0.620321027619219,1.77136115664599,0.675460674518706,1.81271589182061,0.882234350391779,1.82650080354548,1.37159871662472,1.94367255320689,2.2538330670165,2.08841412631804,2.62602568358803,2.03327447941855,3.16363724085802,1.94367255320689,3.57029213674173,1.90921027389471,3.50826003397981,1.65418940698458,3.1980995201702,1.61972712767241,2.62602568358803,1.66108186284702
"57","16-1A",16,"1A",888.02,2828.547,702,3.185228936,0.790522736,32,NA,3.78369856534763,1.79725681854012,3.45938154546069,1.58104547194883,3.17560415305962,1.44591338032927,2.47967388121889,1.35807752077656,2.16211346591293,1.35807752077656,1.64185491317763,1.37834733451949,0.878358595527128,1.56753226278687,0.675660458097791,1.60131528569176,0.5810679939641,1.64861151775861,0.689173667259746,1.72293416814937,0.804035945136371,1.7432039818923,1.38510393910047,1.93238891015968,2.18913988423684,2.13508704758902,2.45940406747596,2.12833044300804,3.0269588522781,2.02022476971239,3.45938154546069,2.02022476971239,3.45938154546069,1.72293416814937,3.10803810724984,1.6823945406635,2.52021350870476,1.70266435440643
"58","16-2A",16,"2A",882.02,3759.238,960.019,4.262077957,1.088432235,57,NA,4.58493004693771,1.84349561234439,4.25840683884719,1.61220833994694,3.9046733634158,1.47615700324256,3.0543525090134,1.25847486451554,2.5917779642185,1.27207999818598,1.89791614702614,1.33330309970295,0.734677218203669,1.62581347361738,0.544205346817533,1.6326160404526,0.40135144327793,1.68703657513435,0.544205346817533,1.78227251082742,0.741479785038888,1.82308791183873,1.43534160223124,2.08158545157706,2.74823700142854,2.34008299131539,3.09516791002472,2.29926759030407,3.7278066257001,2.17001882043491,4.29922223985851,2.10199315208272,4.24480170517675,1.78227251082742,3.82304256139317,1.70064170880479,3.07476020951906,1.79587764449786
"59","16-3A",16,"3A",888.02,3150.28,780.369,3.547532713,0.8787741267,41,NA,4.2499042814351,1.60807189027274,3.90531744780523,1.43240017116732,3.5472174050134,1.31078128870971,2.91885317898246,1.1621359879282,2.55399653160965,1.15537938334722,2.12833044300804,1.20267561541407,1.29051147496678,1.43915677574829,0.83781896804126,1.4999662169771,0.716200085583658,1.57428886736785,0.831062363460282,1.6215850994347,1.08105673295646,1.68915114524448,1.72293416814937,1.88509267809284,2.62156257741943,2.08779081552217,2.95939280646832,2.01346816513142,3.27695322177428,1.91887570099773,3.87829102948132,1.89860588725479,3.8850476340623,1.54050584446296,3.51343438210851,1.53374923988198,2.87831355149659,1.60807189027274
"60","16-4A",16,"4A",894.181,3253.793,715.234,3.63885276,0.7998760877,40,NA,4.0528707275149,1.73119312532921,3.73749833646655,1.55002175174825,3.38857569105136,1.38898053078739,2.66389019672751,1.30174986943359,2.26128714432537,1.29503981856022,1.63725241310205,1.41582073428087,0.644164883843428,1.77145343056943,0.509963866376047,1.78487353231616,0.436153306768987,1.82513383755638,0.509963866376047,1.8855242954167,0.664295036463535,1.90565444803681,1.30174986943359,1.99959516026397,2.38877811091938,2.18076653384494,2.79809121419489,2.07340571987103,3.33489528406441,1.94591475327702,3.78446869258014,1.93920470240365,3.74420838733992,1.63054236222868,3.36173548755789,1.58357200611509,2.75783090895467,1.59699210786183
"61","16-5A",16,"5A",876.021,2893.798,691.277,3.303343185,0.7891100784,32,NA,3.84922279260429,1.82187413315434,3.49991609790176,1.62324875773526,3.16430770495228,1.52051149458746,2.52048752255939,1.42462338231618,2.18487912960991,1.4657182875753,1.7054385682535,1.55475724897006,0.773954049046769,1.8424215857839,0.657518484145928,1.8766673401665,0.534233768368567,1.95200799980822,0.636971031516368,1.99995205594386,0.773954049046769,2.0136503576969,1.4314725331927,2.12323677172123,2.27391809100467,2.24652148749859,2.54103497518895,2.18487912960991,2.93828572602712,2.10268931909167,3.58895505929652,2.0478961120795,3.5136143996548,1.76023177526566,3.13006195056968,1.74653347351262,2.52048752255939,1.81502498227782
"62","16-6A",16,"6A",894.181,3427.896,810,3.833559425,0.9058568679,54,NA,4.36153306768987,1.91236449891018,4.00590037140132,1.63725241310205,3.67039782773286,1.4963413447613,2.91887212991553,1.34201017467381,2.50284897576665,1.36214032729391,1.91907454978354,1.44937098864771,0.919276969651558,1.66409261659552,0.671005087336904,1.72448307445584,0.523383968122785,1.77145343056943,0.664295036463535,1.86539414279659,0.966247325765141,1.91236449891018,1.82513383755638,2.16063638122483,2.59678968799382,2.28141729694547,2.93900228253564,2.22773688995852,3.2946349788242,2.14721627947809,4.09984108362848,2.13379617773135,3.99919032052795,1.83855393930312,3.60329731899917,1.81171373580964,2.88532187554869,1.85197404104985
"63","16-7A",16,"7A",1008.161,2745.47,699.122,2.723245593,0.6934626513,26,NA,3.60061537790095,1.66044907509812,3.34470387170303,1.49380902455064,3.05903521362163,1.36882898664003,2.52340647971901,1.32716897400316,2.21393210013083,1.36287755626334,1.80923483451552,1.44024615116038,1.22004322722264,1.65449764472143,0.999840303284892,1.71996337886508,0.922471708387847,1.77947768263204,0.981986012154805,1.81518626489221,1.08316032855863,1.82113769526891,1.60688620170786,1.95802059393291,2.27344640389779,2.00563203694648,2.64243508725293,1.96397202430961,2.90429802382754,1.84494341677569,3.37446102358651,1.8330405560223,3.33875244132634,1.58308048020108,3.03522949211485,1.52951760681082,2.5353093404724,1.57117761944769
"64","16-8A",16,"8A",864.083,3348.973,728.475,3.875753834,0.8430613726,32,NA,4.45790508550683,1.63178768706247,4.05516599678503,1.43736192009332,3.68714579502201,1.34014903660875,2.96499294627947,1.29154259486647,2.57614141234118,1.32626148182524,1.96508900186672,1.43041814270157,0.833253287010623,1.79149456707284,0.701321516567274,1.83315723142337,0.583277300907436,1.8748198957739,0.694377739175519,1.91648256012443,0.930466170495196,1.96508900186672,1.70816923837178,2.11090832709358,2.72890451495979,2.24284009753693,3.11775604889808,2.13173965926884,3.46494491848584,2.02758299839252,4.20792909940365,1.94425766969145,4.06210977417679,1.57623746792843,3.6732582402385,1.55540613575316,2.9441616141042,1.63178768706247
"65","16-9A",16,"9A",882.184,3337.057,925.946,3.782722199,1.049606431,63,NA,4.24401258694331,1.68672295122106,3.87674226691937,1.53029300009975,3.50267064467277,1.4622799778731,2.83614302685154,1.33305523564245,2.47567400905027,1.29904872452912,1.96557634235035,1.35345914231045,0.84336147561053,1.71392816011172,0.639322408930563,1.74793467122505,0.510097666699918,1.76153727567038,0.557706782258577,1.89076201790103,0.78214975560654,1.8567555067877,1.48948518676376,1.99958285346368,2.57089224016758,2.42126359126894,2.87014953796487,2.31924405792896,3.46866413355944,2.10840368902633,4.02637091581802,1.99958285346368,3.90394747581004,1.6595177423304,3.48906804022744,1.6595177423304,2.76132870240222,1.76153727567038
"66","2-10A",2,"10A",864,3769.38,852.528,4.362708333,0.9867222222,56,NA,4.59722222222222,1.50694444444444,4.22916666666667,1.31944444444444,3.86111111111111,1.20138888888889,3.03472222222222,1.11805555555556,2.51388888888889,1.13888888888889,1.8125,1.22916666666667,0.729166666666667,1.54166666666667,0.423611111111111,1.57638888888889,0.25,1.63888888888889,0.402777777777778,1.72916666666667,0.652777777777778,1.75694444444444,1.44444444444444,2,2.68055555555556,2.11805555555556,3.06944444444444,2.07638888888889,3.67361111111111,1.91666666666667,4.36805555555556,1.79861111111111,4.22916666666667,1.44444444444444,3.86805555555556,1.4375,3.04861111111111,1.46527777777778
"67","2-11A",2,"11A",864.021,3606.005,816.551,4.173515459,0.9450592057,31,NA,4.44433642237862,1.76384601763152,4.12489974202016,1.62496050443218,3.79851878600173,1.53468492085262,3.04159273906537,1.42357651029315,2.45132930796821,1.40274368331325,1.74301319065162,1.46524216425295,0.791647425236192,1.66662615839198,0.409712263938029,1.71523608801175,0.243049648098831,1.77773456895145,0.374990885638196,1.84023304989115,0.65276191203686,1.88189870385095,1.38191085633335,2.15272545458965,2.53466061588781,2.34716517306871,3.04159273906537,2.34716517306871,3.534636310923,2.20827965986938,4.22211960125969,2.09022697364995,4.15267684466003,1.72912463933168,3.77074168336186,1.74301319065162,3.0138156364255,1.81245594725128
"68","2-12A",2,"12A",870,3855.405,870.083,4.4315,1.000095402,44,NA,4.66896551724138,1.88275862068966,4.3448275862069,1.67586206896552,3.97241379310345,1.52413793103448,3.13103448275862,1.3448275862069,2.57931034482759,1.31724137931034,1.86206896551724,1.3448275862069,0.689655172413793,1.59310344827586,0.372413793103448,1.6,0.220689655172414,1.75172413793103,0.386206896551724,1.80689655172414,0.827586206896552,1.83448275862069,1.4551724137931,2.09655172413793,2.71724137931034,2.33793103448276,3.18620689655172,2.31724137931035,3.73103448275862,2.22068965517241,4.42758620689655,2.15172413793103,4.33103448275862,1.77931034482759,3.93103448275862,1.71034482758621,3.12413793103448,1.70344827586207
"69","2-1A",2,"1A",888.182,3558.081,888,4.006026918,0.999795087,39,NA,4.39774730854712,1.79692900779345,3.99242497596213,1.6010232137107,3.66141173768439,1.49969263056446,2.99262988891916,1.37134055857921,2.47922160097818,1.37134055857921,1.81043975221295,1.45240502509621,0.878198387267474,1.7496414023252,0.553940521199484,1.8036843800032,0.398566960375238,1.8577273576812,0.513408287940985,1.94554719640794,0.918730620525973,1.99959017408594,1.5875124692912,2.18874059595894,2.45895548434893,2.36438027341243,3.01965137775816,2.30358192352468,3.3506646160359,2.20900671258819,4.14104316457663,2.10767612944194,3.98566960375238,1.76990751895445,3.63439024884539,1.76990751895445,2.88454393356317,1.8847488465202
"70","2-2A",2,"2A",888.081,4134.627,984.457,4.655686812,1.108521633,51,NA,4.77659132444,1.48635090718076,4.39149131667044,1.27691055207802,4.06719657328554,1.17556844477024,3.05377550020775,0.993152651616238,2.56057724464323,1.01342107307779,1.72281582423225,1.1012508994112,0.756687734564753,1.36474037841143,0.2297087765643,1.47959476669358,0.0945859668205941,1.57418073351417,0.236464917051485,1.6552544193604,0.621564924821047,1.69579126228351,1.37149651889861,1.93901231982218,2.73623689731004,2.13494039395055,3.12809304556679,2.114671972489,3.76317025136221,1.90523161738625,4.50634570495259,1.78362108861692,4.41175973813199,1.45257020474484,4.03341587084962,1.43905792377047,3.13484918605397,1.54715617156543
"71","2-4A",2,"4A",876,3313.57,840,3.782614155,0.9589041096,43,NA,4.10958904109589,1.76712328767123,3.70547945205479,1.55479452054795,3.31506849315068,1.47260273972603,2.70547945205479,1.35616438356164,2.16438356164384,1.37671232876712,1.57534246575342,1.47260273972603,0.767123287671233,1.76712328767123,0.452054794520548,1.83561643835616,0.301369863013699,1.91780821917808,0.465753424657534,1.98630136986301,0.86986301369863,2.02054794520548,1.45205479452055,2.17808219178082,2.36301369863014,2.34246575342466,2.75342465753425,2.32876712328767,3.06164383561644,2.19178082191781,3.84931506849315,2.08219178082192,3.67808219178082,1.75342465753425,3.3013698630137,1.76712328767123,2.55479452054795,1.91095890410959
"72","2-6A",2,"6A",858,3079.146,720.1,3.588748252,0.8392773893,36,NA,3.82517482517482,1.61538461538462,3.51048951048951,1.46153846153846,3.12587412587413,1.33566433566434,2.44055944055944,1.25174825174825,2.06293706293706,1.25874125874126,1.51048951048951,1.32167832167832,0.804195804195804,1.57342657342657,0.356643356643357,1.67832167832168,0.251748251748252,1.74825174825175,0.391608391608392,1.82517482517483,0.664335664335664,1.83916083916084,1.25874125874126,1.97902097902098,2.14685314685315,2.10489510489511,2.47552447552448,2.09090909090909,3.00699300699301,1.96503496503496,3.58741258741259,1.91608391608392,3.5034965034965,1.55244755244755,3.0979020979021,1.5034965034965,2.40559440559441,1.51048951048951
"73","2-8A",2,"8A",870,3948.041,894.02,4.537978161,1.027609195,38,NA,4.67586206896552,1.63448275862069,4.28965517241379,1.44137931034483,3.93103448275862,1.33793103448276,3.11034482758621,1.20689655172414,2.53793103448276,1.22758620689655,1.79310344827586,1.27586206896552,0.668965517241379,1.51724137931034,0.351724137931034,1.53103448275862,0.144827586206897,1.62758620689655,0.324137931034483,1.71034482758621,0.613793103448276,1.77241379310345,1.49655172413793,2.08965517241379,2.76551724137931,2.24137931034483,3.08275862068966,2.22758620689655,3.64827586206897,2.11034482758621,4.43448275862069,1.9448275862069,4.29655172413793,1.62068965517241,3.88965517241379,1.61379310344828,3.10344827586207,1.7448275862069
"74","2-9A",2,"9A",870,3601.225,774.023,4.13933908,0.8896816092,29,NA,4.42758620689655,1.48965517241379,4.11724137931034,1.3448275862069,3.76551724137931,1.2551724137931,2.99310344827586,1.19310344827586,2.46896551724138,1.24827586206897,1.8,1.33793103448276,0.786206896551724,1.64137931034483,0.455172413793103,1.69655172413793,0.337931034482759,1.77931034482759,0.455172413793103,1.84137931034483,0.813793103448276,1.88275862068966,1.50344827586207,2,2.63448275862069,2.08965517241379,3.0551724137931,2.07586206896552,3.63448275862069,1.91724137931034,4.22758620689655,1.8,4.11724137931034,1.42758620689655,3.75172413793103,1.39310344827586,3,1.41379310344828
"75","3-10A",3,"10A",894.181,4020.018,906.497,4.495754215,1.013773498,29,NA,4.56954464476431,1.50976144650803,4.19378179585565,1.26819961506675,3.7710485908334,1.16754885196621,2.97255253690248,1.06689808886568,2.3619379074259,1.04676793624557,1.690932820089,1.10715839410589,0.925987020524927,1.29503981856022,0.241561831441285,1.46950114126782,0.0939407122271665,1.52318154825477,0.254981933188023,1.61041220960857,0.523383968122785,1.62383231135531,1.30174986943359,1.93249465153028,2.54310928100687,2.0801157707444,2.98597263864922,2.03985546550419,3.79117874345351,1.87210419366996,4.35482301681651,1.78487353231616,4.19378179585565,1.38898053078739,3.77775864170677,1.34872022554718,2.94571233340901,1.40240063253413
"76","3-11A",3,"11A",870,3426.336,750,3.938317241,0.8620689655,54,NA,4.18620689655172,1.39310344827586,3.86896551724138,1.18620689655172,3.51034482758621,1.07586206896552,2.83448275862069,0.986206896551724,2.2551724137931,1,1.75172413793103,1.06206896551724,1.02068965517241,1.21379310344828,0.448275862068966,1.28965517241379,0.303448275862069,1.33793103448276,0.43448275862069,1.41379310344828,0.772413793103448,1.48275862068966,1.42758620689655,1.73103448275862,2.46206896551724,1.91034482758621,2.84827586206897,1.84827586206897,3.44827586206897,1.70344827586207,3.95862068965517,1.63448275862069,3.86206896551724,1.28965517241379,3.49655172413793,1.24827586206897,2.7448275862069,1.33793103448276
"77","3-12A",3,"12A",894.02,3984.366,894,4.456685533,0.9999776291,39,NA,4.78512784948883,1.6241247399387,4.44285362743563,1.45634325854008,4.08715688687054,1.38251940672468,3.3958971835082,1.24158296234984,2.65765866535424,1.23487170309389,1.97311022124785,1.25500548086173,0.838907406993132,1.44963199928413,0.496633184939934,1.4898995548198,0.308717925773473,1.5637234066352,0.456365629404264,1.65096977696248,0.812062369969352,1.73821614728977,1.51003333258764,1.98653273975974,2.85899644303259,2.2348493322297,3.42274222053198,2.21471555446187,3.91266414621597,2.1006241471108,4.58379007181047,1.89928636943245,4.44285362743563,1.60399096217087,4.08715688687054,1.61741348068276,3.25496073913335,1.7717724435695
"78","3-13A",3,"13A",876.082,3702.078,834,4.22572088,0.9519656836,45,NA,4.46533543663721,1.50670827616593,4.16399378140402,1.33549142660162,3.78046803837997,1.21906396889789,2.97232450843642,1.0683931412813,2.44497661177835,1.08209048924644,1.82174727936426,1.14372855508959,0.883478943751841,1.40397816642734,0.452012482849779,1.47246490625307,0.273946959302896,1.54780032006136,0.465709830814924,1.62998440785223,0.753354138082965,1.65053042979995,1.43137286235763,1.90393136715513,2.64358815727295,2.01351015087629,2.979173182419,2.01351015087629,3.73252732050196,1.92447738910285,4.26672389114261,1.80120125741654,4.14344775945631,1.45191888430535,3.76677069041482,1.41767551439249,2.979173182419,1.43822153634021
"79","3-14A",3,"14A",888.02,2880.1,600,3.243282809,0.6756604581,41,NA,3.49992117294656,1.44591338032927,3.18236075764059,1.27024166122385,2.85804373775365,1.18916240625211,2.29724555753249,1.19591901083309,1.88509267809284,1.22970203373798,1.41213035742438,1.25672845206189,0.695930271840724,1.35132091619558,0.344586833629873,1.38510393910047,0.222967951172271,1.41888696200536,0.351343438210851,1.45942658949123,0.689173667259746,1.54050584446296,1.12159636044233,1.73644737731132,2.04049458345533,1.89184928267381,2.36481160334227,1.87833607351186,2.93912299272539,1.7432039818923,3.29046643093624,1.66888133150154,3.18236075764059,1.39186054368145,2.8445305285917,1.35132091619558,2.20940969797978,1.41888696200536
"80","3-1A",3,"1A",852.19,3173.11,714,3.723477159,0.8378413265,42,NA,4.30889825039017,1.49262488412209,3.98502681326934,1.36589258264002,3.62595195907016,1.2532416479893,2.92188361750314,1.19691618066394,2.47832056231592,1.22507891432662,1.94322862272498,1.31660779873033,1.09834661284455,1.59823513535714,0.732231075229702,1.68272333634518,0.633661507410319,1.73904880367054,0.781515859139394,1.80945563782725,1.04202114551919,1.83761837148993,1.67568265292951,1.985472723219,2.647296964292,2.0558795573757,2.95004635116582,2.04179819054436,3.48513829075676,1.89394383881529,4.07655569767305,1.7953742709959,3.970945446438,1.42221804996538,3.61891127565449,1.40109599971837,2.87963951700912,1.44334010021239
"81","3-2A",3,"2A",858.021,3684.728,872.974,4.29444967,1.017427312,41,NA,4.51737195243473,1.63632358648565,4.1747229962903,1.39856716793645,3.82508120430619,1.27269612282217,3.03489075442209,1.05591821179202,2.49644239476656,1.03493970427297,1.82513015415707,1.04892537595234,0.881097315799963,1.19577492858566,0.426562986220617,1.2587104511428,0.265727761907925,1.30766030202058,0.433555822060299,1.39856716793645,0.664319404769813,1.46849552633327,1.34961731705867,1.83212298999675,2.59434209652211,2.09785075190467,3.04188359026178,2.07687224438563,3.69221732335223,1.94400836343166,4.25164419052681,1.90904418423325,4.16073732461094,1.51744537721105,3.77613135342841,1.45450985465391,2.92999821682686,1.48947403385232
"82","3-3A",3,"3A",876,3158.514,750.024,3.605609589,0.8561917808,28,NA,4.06164383561644,1.51369863013699,3.71232876712329,1.26027397260274,3.34931506849315,1.17123287671233,2.73287671232877,1.05479452054795,2.32191780821918,1.07534246575342,1.78767123287671,1.11643835616438,1.00684931506849,1.28767123287671,0.657534246575342,1.35616438356164,0.486301369863014,1.41095890410959,0.636986301369863,1.50684931506849,0.938356164383562,1.54109589041096,1.56849315068493,1.73972602739726,2.29452054794521,1.86301369863014,2.76712328767123,1.88356164383562,3.30821917808219,1.80821917808219,3.77397260273973,1.78082191780822,3.70547945205479,1.45205479452055,3.31506849315068,1.4041095890411,2.62328767123288,1.46575342465753
"83","3-4A",3,"4A",876.739,3210,756.024,3.661294867,0.8623136418,42,NA,4.12665570939584,1.61507586636388,3.78447861906451,1.3892389867452,3.45598861234643,1.2865858596458,2.78532151529703,1.14971502351327,2.34733483967292,1.16340210712652,1.85459982959581,1.21815044157954,0.992313561960857,1.43030023758496,0.602231678983141,1.53979690649099,0.465360842850609,1.60823232455725,0.622762304403021,1.68351128443014,0.862286267634952,1.70404190985002,1.60823232455725,1.86144337140244,2.42945734135244,2.01884483295485,2.79900859891028,1.99147066572834,3.36702256886029,1.90934816404882,3.86660112074403,1.86144337140244,3.78447861906451,1.52610982287773,3.42861444511993,1.51242273926448,2.74426026445727,1.57401461552412
"84","3-5A",3,"5A",882.02,3799.066,804.022,4.307233396,0.9115688987,50,NA,4.76179678465341,1.64622117412304,4.46248384390377,1.4217364685608,4.06793496746106,1.2788825650212,3.2652320809052,1.20405432983379,2.74143443459332,1.21085689666901,1.94553411487268,1.27207999818598,1.02038502528287,1.4557493027369,0.585020747828847,1.51016983741865,0.442166844289245,1.55778780526519,0.591823314664067,1.65982630779347,0.88433368857849,1.70744427564001,1.65302374095825,2.00675721638965,2.89789347180336,2.14280855309403,3.36046801659826,2.0951905852475,3.88426566291014,1.95913924854312,4.5441146459264,1.88431101335571,4.44887871023333,1.51016983741865,4.04072470012018,1.4557493027369,3.29924491508129,1.48295957007778
"85","3-6A",3,"6A",864,3438,828.022,3.979166667,0.9583587963,48,NA,4.51388888888889,1.79166666666667,4.10416666666667,1.53472222222222,3.70833333333333,1.40277777777778,2.99305555555556,1.29166666666667,2.46527777777778,1.34027777777778,1.84722222222222,1.39583333333333,0.930555555555556,1.66666666666667,0.625,1.72222222222222,0.534722222222222,1.79166666666667,0.618055555555556,1.86805555555556,0.909722222222222,1.95833333333333,1.66666666666667,2.15972222222222,2.55555555555556,2.24305555555556,3.10416666666667,2.20833333333333,3.59027777777778,2.14583333333333,4.19444444444444,2.10416666666667,4.09722222222222,1.66666666666667,3.67361111111111,1.63888888888889,2.92361111111111,1.72222222222222
"86","3-7A",3,"7A",864,3289.5,702.231,3.807291667,0.8127673611,48,NA,4.30555555555556,1.43055555555556,3.97222222222222,1.24305555555556,3.61805555555556,1.16666666666667,2.95833333333333,1.11805555555556,2.5,1.18055555555556,1.92361111111111,1.27083333333333,1.0625,1.53472222222222,0.638888888888889,1.65277777777778,0.506944444444444,1.70138888888889,0.638888888888889,1.75694444444444,1.00694444444444,1.79166666666667,1.625,1.97916666666667,2.625,2.00694444444444,3.0625,1.9375,3.55555555555556,1.80555555555556,4.09722222222222,1.70138888888889,3.96527777777778,1.33333333333333,3.58333333333333,1.33333333333333,2.86805555555556,1.45138888888889
"87","3-8A",3,"8A",738,3914.029,804.56,5.303562331,1.090189702,39,NA,5.58536585365854,1.47154471544715,5.11382113821138,1.27642276422764,4.65853658536585,1.16260162601626,3.68292682926829,1.05691056910569,2.94308943089431,1.11382113821138,2.10569105691057,1.21138211382114,0.934959349593496,1.51219512195122,0.455284552845528,1.55284552845528,0.276422764227642,1.67479674796748,0.48780487804878,1.76422764227642,0.959349593495935,1.86178861788618,1.86178861788618,2.08130081300813,3.28455284552846,2.19512195121951,3.7479674796748,2.15447154471545,4.67479674796748,1.98373983739837,5.33333333333333,1.85365853658537,5.09756097560976,1.40650406504065,4.65853658536585,1.39837398373984,3.70731707317073,1.50406504065041
"88","3-9A",3,"9A",864.333,3546.046,714.025,4.102638682,0.8260994316,57,NA,4.6023928277643,1.44388794596527,4.2830714550989,1.25646018374862,3.93598300654956,1.1106830353579,3.20015549562495,1.02044003873507,2.72811520559784,1.04820711461902,2.06864715335409,1.10374126638691,1.01349826976408,1.38141202522639,0.659468052243753,1.43694617699428,0.520632672824016,1.48553855979119,0.659468052243753,1.56883978744303,1.08291595947395,1.63131570818192,1.71461693583376,1.79097639451461,2.84612527810462,1.87427762216646,3.21403903356692,1.84651054628251,3.7554970133039,1.75626754965968,4.36637268275075,1.72155870480475,4.27612968612792,1.32587787345849,3.89433239272364,1.2703437216906,3.15156311282804,1.29811079757455
"89","4-1",4,"1",882.184,3467.32,826.281,3.93038187,0.9366311336,40,NA,4.35283342250596,1.2242344000798,3.93795398692336,1.05420184451316,3.53667715578609,0.96578491561851,2.80893781796088,0.972586217841176,2.37365447571028,1.05420184451316,1.89076201790103,1.14261877340782,0.816156266719868,1.38066435120111,0.584911991149239,1.40106825786911,0.448885946695927,1.46908128009576,0.618918502262567,1.56429951121308,0.816156266719868,1.61190862677174,1.57790211565841,1.86355680901037,2.56409093794492,1.96557634235035,2.91095735130086,1.90436462234636,3.40745241355545,1.70712685788906,4.07398003137667,1.59150472010374,3.91755008025537,1.15622137785315,3.5162732491181,1.14261877340782,2.72052088906623,1.2650422134158
"90","4-10",4,"10",882,3738.005,858.189,4.238100907,0.9730034014,23,NA,4.29931972789116,1.61904761904762,3.95918367346939,1.38095238095238,3.5578231292517,1.25850340136054,2.85034013605442,1.15646258503401,2.31972789115646,1.18367346938776,1.66666666666667,1.27210884353742,0.707482993197279,1.51700680272109,0.299319727891156,1.57142857142857,0.0952380952380952,1.62585034013605,0.258503401360544,1.70748299319728,0.496598639455782,1.75510204081633,1.33333333333333,2.04761904761905,2.46938775510204,2.17006802721088,2.89115646258503,2.12244897959184,3.42857142857143,1.97959183673469,4.05442176870748,1.8843537414966,3.95238095238095,1.51020408163265,3.53741496598639,1.45578231292517,2.74149659863946,1.57823129251701
"91","4-11",4,"11",876,4015.914,937.23,4.584376712,1.06989726,36,NA,4.77397260273973,1.47260273972603,4.35616438356164,1.26027397260274,3.96575342465753,1.17808219178082,3.12328767123288,1.07534246575342,2.64383561643836,1.10958904109589,1.93835616438356,1.21917808219178,0.794520547945205,1.57534246575342,0.356164383561644,1.67808219178082,0.212328767123288,1.78767123287671,0.417808219178082,1.81506849315068,0.705479452054795,1.84931506849315,1.54794520547945,2.05479452054795,2.78082191780822,2.23287671232877,3.20547945205479,2.15068493150685,3.77397260273973,1.95890410958904,4.55479452054795,1.78082191780822,4.36301369863014,1.42465753424658,3.93150684931507,1.4041095890411,3.10958904109589,1.56849315068493
"92","4-12",4,"12",870.021,3810.076,882.02,4.379291994,1.013791621,21,NA,4.58609619767799,1.57237583920388,4.20679500839635,1.35858789615423,3.83439020437438,1.25514211725924,3.02751312899344,1.10342164154658,2.55855893133614,1.13790356784491,1.82064570855186,1.19307464992224,0.675845755447282,1.44134451927022,0.427575886099301,1.46893006030889,0.234477098828649,1.55858306868455,0.406886730320303,1.63444330654088,0.634467443889285,1.64823607706021,1.43444813401056,1.96546979900485,2.59304085763447,2.12408665997717,3.04130589951277,2.11029388945784,3.66198057288272,2.02064088108218,4.35161909884934,1.89650594640819,4.21369139365602,1.51720475712655,3.79990827807605,1.49651560134755,2.99303120269511,1.55168668342488
"93","4-13",4,"13",882,3503.943,846.34,3.97272449,0.959569161,34,NA,4.40816326530612,1.63945578231293,4.06802721088435,1.44897959183673,3.6734693877551,1.36734693877551,2.86394557823129,1.30612244897959,2.39455782312925,1.34013605442177,1.82993197278912,1.4421768707483,0.945578231292517,1.72789115646258,0.564625850340136,1.82993197278912,0.462585034013605,1.89115646258503,0.591836734693878,1.96598639455782,0.727891156462585,1.97278911564626,1.50340136054422,2.17006802721088,2.65986394557823,2.29251700680272,2.93197278911565,2.25170068027211,3.53741496598639,2.07482993197279,4.21768707482993,1.94557823129252,4.08163265306122,1.56462585034014,3.68027210884354,1.53741496598639,2.95238095238095,1.61224489795918
"94","4-2",4,"2",894.02,3290.189,780.577,3.680218563,0.8731091027,12,NA,4.32876222008456,1.65768103621843,3.96635422026353,1.45634325854008,3.57710118341872,1.34225185118901,2.86570770228854,1.221449184582,2.46974340618778,1.221449184582,1.9059976286884,1.33554059193307,0.952998814344198,1.67110355473032,0.744949777409901,1.72479362877788,0.644280888570726,1.81203999910517,0.771794814433682,1.85230755464084,0.952998814344198,1.89257511017651,1.73150488803382,2.06706785083108,2.66436992461019,2.14089170264647,2.9193977763361,2.1006241471108,3.38918592425225,1.97982148050379,4.04017807207892,1.95297644348001,3.95293170175164,1.57714592514709,3.55696740565088,1.55030088812331,2.87913022080043,1.57043466589114
"95","4-3",4,"3",870.021,3972.453,996.018,4.565927719,1.144820642,38,NA,4.73781667339064,1.84133486433086,4.358515484109,1.61375415076188,3.92404321275004,1.48961921608789,3.04820228477244,1.3241059698559,2.55166254607647,1.35169151089456,1.77926739699387,1.45513728978956,0.668949370187616,1.77926739699387,0.324130107204309,1.82064570855186,0.172409631491654,1.93098787270652,0.351715648242973,1.99305534004352,0.586192747071622,2.00684811056285,1.37927705193323,2.28959990620916,2.64131555445213,2.50338784925881,3.15164806366743,2.44132038192182,3.78611550755671,2.25511797991083,4.44816849248466,2.15167220101584,4.34472271358967,1.76547462647453,3.9309395980097,1.71719992965687,3.0757878258111,1.78616378225353
"96","4-4",4,"4",870,3331.383,840.021,3.829175862,0.9655413793,48,NA,4.30344827586207,1.6551724137931,3.9448275862069,1.46206896551724,3.57931034482759,1.33793103448276,2.86206896551724,1.2,2.44137931034483,1.24137931034483,1.84137931034483,1.31724137931034,0.937931034482759,1.62068965517241,0.627586206896552,1.67586206896552,0.496551724137931,1.7448275862069,0.662068965517241,1.84827586206897,0.896551724137931,1.86206896551724,1.63448275862069,2.07586206896552,2.57931034482759,2.19310344827586,2.93103448275862,2.16551724137931,3.36551724137931,2.0551724137931,4.07586206896552,1.98620689655172,3.95172413793103,1.57931034482759,3.55172413793103,1.51034482758621,2.83448275862069,1.60689655172414
"97","4-5",4,"5",864.187,3118.211,750.6,3.608259555,0.8685620126,35,NA,3.88804737863449,1.61076248543429,3.5061855825186,1.45107482524037,3.12432378640271,1.409417174755,2.51334491261729,1.39553129125988,2.0967684077636,1.45107482524037,1.55521895145379,1.54827600970623,0.597092990290296,1.7704501456282,0.402690621358572,1.74267837863796,0.291603553397586,1.79822191261845,0.423519446601256,1.90930898057943,0.694294174756158,1.9509666310648,1.47884659223062,2.16619782523921,2.29117077669532,2.24257018446239,2.53417373785998,2.23562724271483,3.06878025242222,2.08288252426847,3.63810147572227,1.92319486407456,3.5061855825186,1.57604777669648,3.0896090776649,1.58299071844404,2.44391549514168,1.70102072815259
"98","4-6",4,"6",870.745,3279.24,801.242,3.766016457,0.920179846,52,NA,4.02414024771891,1.57795910398567,3.72095159891817,1.44014608180351,3.32818448569903,1.32989566405779,2.60466611924272,1.26787980407582,2.14988314604161,1.31611436183957,1.63997496396764,1.4263647795853,0.702846413128987,1.74333473060425,0.447892322092002,1.79156928836801,0.282516695473416,1.85358514834998,0.441001670982894,1.94316361276838,0.909565946402219,1.97072621720481,1.62619366174942,2.13610184382339,2.43929049262413,2.21878965713269,2.70802588587933,2.17055509936893,3.04566779022561,2.08097663495053,3.76229550557281,1.91560100833195,3.71406094780906,1.63997496396764,3.33507513680814,1.65375626618585,2.65979132811558,1.84669449724087
"99","4-7",4,"7",876,3415.033,786.206,3.898439498,0.8974954338,38,NA,4.08219178082192,1.64383561643836,3.74657534246575,1.41780821917808,3.38356164383562,1.3013698630137,2.63698630136986,1.15068493150685,2.16438356164384,1.14383561643836,1.60958904109589,1.19178082191781,0.726027397260274,1.43150684931507,0.267123287671233,1.5,0.219178082191781,1.5958904109589,0.308219178082192,1.66438356164384,0.595890410958904,1.63698630136986,1.35616438356164,1.87671232876712,2.34931506849315,2.00684931506849,2.64383561643836,2.05479452054795,3.27397260273973,1.92465753424658,3.81506849315068,1.93150684931507,3.72602739726027,1.48630136986301,3.33561643835616,1.43150684931507,2.62328767123288,1.41780821917808
"100","4-8",4,"8",864.021,3454.651,843.614,3.998341475,0.9763813611,41,NA,4.53461200595819,1.51385209387272,4.15962112031999,1.33330092671359,3.73602030506203,1.25691389445395,2.89576295020607,1.20830396483419,2.48605068626804,1.27774672143385,1.95134146045061,1.40968795897322,0.902755835795658,1.88884297951091,0.777758873916259,1.92356435781075,0.562486328457295,2.04161704403018,0.701371841656626,2.08328269798998,0.951365765415424,2.09022697364995,1.90273153083085,2.15272545458965,2.82632019360641,2.22911248684928,3.12492404698497,2.13883690326971,3.4513050030034,2.02772849271025,4.24295242823959,1.86106587687105,4.17350967163993,1.54162919651258,3.77768595902183,1.59023912613235,3.00687136076554,1.79856739593135
"101","4-9",4,"9",870.331,3264.794,786.023,3.751209597,0.9031311076,36,NA,3.9433273088055,1.46840684750974,3.55726729255881,1.2615889816633,3.13673763200438,1.16507397760163,2.54385974991124,1.10992254670924,2.08196651618752,1.11681647557079,1.53045220726367,1.20643755077091,0.482575020308365,1.47530077637129,0.310226798769663,1.48908863409438,0.172348221538702,1.55802792270987,0.303332869908115,1.63386114018689,0.510150735754558,1.68901257107928,1.2615889816633,1.93030008123346,2.26810259544932,2.05439080074133,2.4956022478804,2.02681508529513,2.93681369501948,1.90961829464882,3.66757015434358,1.79931543286405,3.53658550597416,1.38567970117116,3.14363156086592,1.37189184344807,2.41287510154183,1.46840684750974
"102","5-10A",5,"10A",882,3816.019,738,4.326552154,0.8367346939,15,NA,4.73469387755102,1.58503401360544,4.40816326530612,1.39455782312925,4.04081632653061,1.25850340136054,3.29251700680272,1.14965986394558,2.80272108843537,1.16326530612245,2,1.25850340136054,1.07482993197279,1.44897959183673,0.571428571428571,1.49659863945578,0.428571428571429,1.57823129251701,0.557823129251701,1.65986394557823,0.836734693877551,1.68707482993197,1.65986394557823,1.92517006802721,2.91836734693878,2.03401360544218,3.29251700680272,1.98639455782313,3.89795918367347,1.91156462585034,4.51700680272109,1.86394557823129,4.40136054421769,1.50340136054422,4.01360544217687,1.44897959183673,3.30612244897959,1.54421768707483
"103","5-11A",5,"11A",978.294,2994.295,642.252,3.060731232,0.6565020331,13,NA,3.77187225925949,1.60074578807598,3.526547234267,1.43515139620605,3.18309219927752,1.29408950683537,2.60044526492036,1.24502450183687,2.25085710430607,1.26342387871131,1.74794080307147,1.34928763745868,0.840238210599268,1.61914516495041,0.760507577476709,1.63141141620004,0.7053094468534,1.6620770443241,0.778906954351146,1.7111420493226,1.208225748088,1.73567455182185,1.59461266245116,1.78473955682034,2.3673864911775,1.91966832056621,2.63724401866923,1.90126894369177,3.01749780740759,1.82767143619403,3.5756122392655,1.8154051849444,3.526547234267,1.52101515495342,3.15855969677827,1.45355077308049,2.57591276242111,1.49648265245417
"104","5-12A",5,"12A",882.184,3804.383,798.564,4.312459759,0.905212518,17,NA,4.59768030252192,1.78194118233838,4.24401258694331,1.55749820899041,3.87674226691937,1.44867737342777,3.12179772020349,1.33305523564245,2.61170005350358,1.32625393341979,1.89756332012369,1.40786956009177,1.12221486673982,1.55069690676775,0.482892457809255,1.6799216489984,0.285654693351954,1.70032555566639,0.421680737805265,1.81594769345171,0.84336147561053,1.90436462234636,1.46908128009576,2.12880759569432,2.74772609795689,2.26483364014763,3.16940683576215,2.23082712903431,3.7135110135754,2.12880759569432,4.3256282136153,2.04719196902234,4.27121779583398,1.70032555566639,3.86313966247404,1.67312034677573,3.14220162687149,1.71392816011172
"105","5-1A",5,"1A",864.021,3078.211,714.025,3.562657621,0.826397738,28,NA,3.90962719656119,1.75690174197155,3.6179676188426,1.49996354255279,3.2638095601843,1.38191085633335,2.58327054550757,1.24302534313402,2.24300103816921,1.24996961879399,1.59023912613235,1.32635665105362,0.743037495616426,1.59023912613235,0.465266469217762,1.64579333141208,0.388879436958129,1.72218036367172,0.451377917897829,1.77773456895145,0.743037495616426,1.82634449857122,1.41663223463319,1.94439718479065,2.38188655136854,2.08328269798998,2.60410337248747,2.07633842233001,2.97909425812567,2.00689566573035,3.6388004458225,2.01383994139031,3.6388004458225,1.68051470971192,3.23603245754444,1.65968188273202,2.53466061588781,1.68745898537188
"106","5-2A",5,"2A",858.189,4010.806,864.333,4.673569575,1.007159262,15,NA,4.84508657183907,1.70591792716989,4.47453882536364,1.47519951898708,4.07602521122969,1.33537018069446,3.20209184690086,1.16757497474333,2.65675742755966,1.18854937548722,1.79680699706009,1.33537018069446,0.748086959865484,1.72689232791378,0.314616011158381,1.81778139780398,0.167795205951137,1.91566193460881,0.30063307732912,1.97858513684049,0.859950430499575,2.06248273981605,1.51015685356023,2.2093035450233,2.85251850116932,2.26523528034034,3.2580235822179,2.18832914427941,3.88725560453467,2.09744007438921,4.57241936216847,1.99955953758438,4.46754735844901,1.60104592345043,4.03407640974191,1.56608858887728,3.15315157849844,1.67096059259674
"107","5-3A",5,"3A",1062.271,3084.753,702.231,2.903922822,0.6610657732,19,NA,3.7222140113022,1.49114491499815,3.47933813499568,1.30475180062338,3.12914501101885,1.19743455295306,2.53042773454232,1.08446902908956,2.25366220107675,1.10706213386226,1.79050355323642,1.15789661960084,1.02798626715782,1.25956559107798,0.847241428976222,1.25956559107798,0.813351771817173,1.31040007681656,0.852889705169397,1.37253111494148,0.982800057612417,1.4120690482937,1.54197940073672,1.62105526744117,2.32144151539485,1.75096561988419,2.62080015363311,1.73402079130467,3.10655190624615,1.68318630556609,3.50193123976838,1.69448285795244,3.47368985880251,1.4120690482937,3.11220018243932,1.36123456255513,2.56996566789454,1.33299318158926
"108","5-4A",5,"4A",870.517,2707.496,570.032,3.110216113,0.6548200667,25,NA,4.01140931193762,1.64040449525971,3.74949598916506,1.44052327524908,3.41865810776814,1.31645906972523,2.86036918291084,1.19239486420139,2.55710112496367,1.233749599376,1.97124237665663,1.3095666138628,1.28199679041305,1.49566292214856,0.958051364878572,1.48187801042369,0.868449438666907,1.53701765732318,0.958051364878572,1.5990497600851,1.24753451110087,1.67486677457189,1.81960834768304,1.81960834768304,2.59156340427585,1.90231781803227,2.89483146222302,1.89542536216984,3.16363724085802,1.84028571527035,3.79774318020211,1.84717817113279,3.74260353330262,1.57837239249779,3.34284109328135,1.55080256904805,2.80522953601136,1.53012520146074
"109","5-5A",5,"5A",864.083,3192.006,708.102,3.694096516,0.8194837764,22,NA,4.24264798636242,1.6109563548872,3.91629044894993,1.4095868105263,3.52049513761988,1.28459881747471,2.86778006279489,1.18738593399014,2.40949075493905,1.23599237573242,1.86787611838215,1.31237392704173,0.847140841794133,1.56234991314492,0.645771297433233,1.56929369053667,0.513839526989884,1.62484390967071,0.624939965257967,1.68039412880476,1.01379149919626,1.77760701228933,1.45819325226859,1.88870745055741,2.56225385755767,2.06230188535129,2.90944272714542,2.03452677578427,3.36078825760951,1.94425766969145,4.0135033324345,1.88176367316566,3.90934667155817,1.52068724879439,3.52743891501164,1.49291213922737,2.81222984366085,1.52068724879439
"110","5-6A",5,"6A",871.674,2796.006,618.466,3.207628081,0.7095152546,27,NA,4.08868453114352,1.43172791662938,3.83400216135849,1.26652854163368,3.42100372386924,1.17704554684435,2.88410575513323,1.14262901038691,2.53305708326737,1.17016223955286,2.0236923436973,1.22522869788476,1.27341184892517,1.369778151006,0.956779713516751,1.39042807288046,0.887946640601876,1.47991106766979,0.977429635391213,1.54186083329318,1.19769546871881,1.56939406245913,1.87225958328458,1.8034265103697,2.6225400780567,1.90667611974201,2.9529388280481,1.83784304682714,3.31775411449693,1.76212666662078,3.84776877594146,1.70017690099739,3.81335223948403,1.35601153642302,3.40035380199478,1.30782838538261,2.87722244784174,1.35601153642302
"111","5-7A",5,"7A",978.662,2839.427,648.25,2.901335701,0.6623839487,17,NA,3.27998839231522,1.59401305047095,3.03475561531969,1.43461174542385,2.70982218580061,1.3058645375012,2.18257171526022,1.25068716267721,1.8821615634407,1.28747207922654,1.40395764829941,1.34878027347542,0.613081942488827,1.6185363281705,0.435288179167067,1.64305960587006,0.386241623767961,1.71049861954383,0.472073095716396,1.74728353609316,0.747959969836368,1.77180681379271,1.24455634325232,1.8269841886167,1.99251631308869,1.90668484114025,2.20709499295978,1.8821615634407,2.61785989442729,1.81472254976693,3.0838021707188,1.80859173034204,3.02249397646992,1.53883567564695,2.70369136637572,1.50205075909763,2.13352515986112,1.56335895334651
"112","5-9A",5,"9A",870.745,3822.118,780.577,4.389480273,0.8964472951,20,NA,4.54093908090199,1.54350584844013,4.17573457211928,1.28166110629404,3.78985811000924,1.1645200374392,2.99743323246186,1.05426961969348,2.52197830593342,1.06116027080259,1.79156928836801,1.1645200374392,0.675283808692556,1.45392738402173,0.289407346582524,1.50216194178548,0.172266277727693,1.58484975509478,0.372095159891817,1.66753756840407,0.599486646492371,1.68131887062228,1.49527129067637,1.88803840389551,2.65290067700647,2.01207012385945,3.0387771391165,1.98450751942302,3.67271704115441,1.83980384613176,4.27909433875589,1.7846786372589,4.17573457211928,1.37813022182154,3.78985811000924,1.35056761738511,3.0318864880074,1.38502087293065
"113","6-1",6,"1",888.081,3084.053,738,3.47271589,0.8310052799,25,NA,3.93882990402902,1.55391231205262,3.6280474416185,1.33771581646269,3.22943515287457,1.21610528769335,2.64165093048945,1.08098247794965,2.29033162515581,1.07422633746246,1.70254740277069,1.16881230428306,0.749931594077567,1.49986318815513,0.554003519949194,1.53364389059106,0.47292983410297,1.6079614359501,0.58778422238512,1.64849827887321,0.743175453590382,1.64174213838603,1.49986318815513,1.79713336959129,2.27681934418144,1.94576846030936,2.71596847584849,1.89847547689907,3.05377550020775,1.82415793154003,3.66182814405443,1.81064565056566,3.60102287966976,1.45257020474484,3.20916673141301,1.40527722133454,2.52004040172011,1.41878950230891
"114","6-10",6,"10",864.021,3590.427,936,4.155485804,1.083307003,31,NA,4.71516317311732,1.69440326103185,4.32628373615919,1.43052078595312,3.93046002354109,1.27080244577389,3.0554812903853,1.04858562465496,2.60410337248747,1.05552990031492,1.79856739593135,1.11108410559466,0.798591700896159,1.38191085633335,0.708316117316593,1.40968795897322,0.513876398837528,1.51385209387272,0.659706187696827,1.64579333141208,0.756926046936359,1.66662615839198,1.49996354255279,1.98606283875045,2.59021482116754,2.15966973024961,3.10409122000507,2.12494835194978,3.69435465110223,2.02772849271025,4.41655931973876,1.96523001177055,4.31239518483926,1.58329485047238,3.8887943695813,1.53468492085262,3.04159273906537,1.57635057481242
"115","6-11",6,"11",882.734,3402.132,828.196,3.854085149,0.9382169487,32,NA,4.01706516345807,1.51574540008655,3.63642954729284,1.31863052742955,3.22860567283009,1.20308042966511,2.52171095709466,1.08753033190066,2.10709001805753,1.10112446104942,1.57012191668158,1.18948630051635,0.659315263714777,1.42738356061962,0.339853228718957,1.48176007721465,0.15633248521072,1.57691898125596,0.326259099570199,1.65168669157413,0.536968101375952,1.65848375614851,1.32542759200393,1.86919275795426,2.27701663241701,2.02552524316499,2.5760874736897,2.00513404944185,3.07907025219375,1.8895839516774,3.75197964505729,1.80122211221047,3.62283541814408,1.46136888349152,3.22860567283009,1.42058649604524,2.53530508624342,1.44777475434276
"116","6-12",6,"12",816.088,4027.144,912.316,4.934693317,1.117913754,31,NA,5.19061669819921,1.83803707443315,4.7127270588466,1.52924684592838,4.27159816098264,1.42631676976012,3.3158188822774,1.31603454529414,2.69088627697013,1.34544313848507,2.007136485281,1.41896462146239,0.779327719559655,1.77921988805129,0.419072452970758,1.84538922273088,0.249973042122908,1.93361500230367,0.404368156375293,2.05124937506739,0.771975571261923,2.07330581996059,1.59541618060797,2.38944819676309,3.00702865377263,2.49973042122908,3.38198821695699,2.45561753144269,4.19807667800531,2.24975737910618,4.91858721118311,2.12477085804472,4.7127270588466,1.68364196018076,4.26424601268491,1.63952907039437,3.34522747546833,1.72040270166943
"117","6-3",6,"3",876.082,3345.962,823.072,3.819233816,0.9394919654,52,NA,4.28726991309033,1.42452418837506,3.92429019201399,1.27385336075847,3.51336975305965,1.19851794695017,2.84219970276755,1.08893916322901,2.41758191584806,1.14372855508959,1.82859595334683,1.24645866482818,0.972511705525282,1.56834634200908,0.623229332414089,1.64368175581738,0.472558504797496,1.71901716962567,0.595834636483799,1.76695788750368,0.890327617734413,1.79435258343397,1.58204368997423,1.95187208503314,2.59564743939494,2.06145086875429,2.95177848648871,2.01351015087629,3.36954759942562,1.86968799724227,4.07496101963058,1.71901716962567,3.91744151803142,1.41767551439249,3.50652107907707,1.35603744854934,2.84219970276755,1.49301092820078
"118","6-4",6,"4",876.185,3072.211,756.024,3.506349686,0.8628588711,32,NA,4.21143936497429,1.62294492601448,3.89643739621199,1.43120459720265,3.547196083019,1.32163869502445,2.84871345663302,1.19837705507399,2.49262427455389,1.23946426839081,1.9037075503461,1.28739935059377,0.958701644059188,1.48598754829174,0.821744266336447,1.50653115495015,0.671091150841432,1.57500984381152,0.835440004108721,1.62294492601448,1.09565902178193,1.67772787710358,1.69142361487585,1.9037075503461,2.60219017673208,2.03381705918271,2.86240919440529,2.03381705918271,3.21165050759828,1.95164263254906,3.86904592066744,1.89685968145997,3.89643739621199,1.62294492601448,3.51295673858831,1.60240131935607,2.8829528010637,1.67088000821744
"119","6-5",6,"5",888.02,3127.474,792,3.521850859,0.8918718047,33,NA,4.41881939595955,1.60131528569176,4.07423256232968,1.39861714826243,3.67559289205198,1.27699826580482,2.94587959730637,1.15537938334722,2.61480597283845,1.18916240625211,2.06752100177924,1.29051147496678,1.18240580167113,1.60807189027274,1.01349068714669,1.64185491317763,0.898628409270061,1.71617756356839,1.0405171054706,1.77023040021621,1.25672845206189,1.81752663228306,1.93914551474066,1.9864417468075,2.67561541406725,2.07427760636022,3.03371545685908,2.07427760636022,3.57424382333731,1.91887570099773,4.13504200355848,1.87157946893088,4.08098916691065,1.55401905362492,3.66207968289003,1.53374923988198,2.99993243395419,1.61482849485372
"120","6-6",6,"6",882.02,3359.153,762.213,3.808477132,0.8641674792,20,NA,4.08154010113149,1.53057753792431,3.74141175937054,1.34690823337339,3.32645518242217,1.25167229768032,2.55096256320718,1.19044919616335,2.14961111992925,1.20405432983379,1.61901090678216,1.2788825650212,0.598625881499286,1.64622117412304,0.367338609101834,1.68703657513435,0.306115507584862,1.76186481032176,0.421759143783588,1.82989047867395,0.687059250357135,1.80268021133308,1.36731593387905,1.9523366817079,2.31287272397451,2.08158545157706,2.63939593206503,2.04757261740097,3.25842951406998,1.90471871386136,3.86385796240448,1.82308791183873,3.73460919253532,1.4557493027369,3.31965261558695,1.40813133489037,2.63259336522981,1.43534160223124
"121","6-7",6,"7",780.208,4056.284,900.32,5.198977709,1.153948691,29,NA,5.42163115476898,1.51498062055247,4.9448352234276,1.2458216270533,4.49880031991469,1.13815802965363,3.39140331808954,0.961282119639891,2.84539507413408,0.984352890511248,2.13789143407912,1.06125546008244,0.70750364005496,1.46883907880975,0.35375182002748,1.52267087750959,0.223017451756455,1.63802473186637,0.392203104813076,1.72261755839468,0.853618522240223,1.75337858622316,1.63033447490925,2.03022783667945,3.06072226893341,2.16096220495047,3.52982794331768,2.14558169103624,4.36806595164366,1.97639603797962,5.1063306195271,1.87642269753707,4.96021573734184,1.42269753706704,4.49111006295757,1.36117548141009,3.50675717244632,1.43038779402416
"122","6-8",6,"8",756.095,4224.486,872.974,5.587242344,1.154582427,27,NA,5.65008365350915,1.75374787559764,5.20569505154775,1.55536010686488,4.78511298183429,1.42839193487591,3.69001249842943,1.33316580588418,3.02342959548734,1.37284335963073,2.14258790231386,1.53948908536626,0.952261289917272,1.91245809058386,0.317420429972424,2.03942626257282,0.0952261289917272,2.15052341306317,0.317420429972424,2.22194300980697,0.595163306198295,2.23781403130559,1.80136094009351,2.5472989505287,3.26943042871597,2.60284752577388,3.82491618116771,2.49968588603284,4.63433827759739,2.32510464954801,5.39614730953121,2.21400749905766,5.19775954079844,1.71407032185109,4.7136933850905,1.68232827885385,3.5947863694377,1.78548991859489
"123","6-9",6,"9",870.517,3906.779,907.271,4.487883637,1.042220887,20,NA,4.56969823679492,1.55769502491048,4.16304334091121,1.35781380489985,3.80463563606455,1.233749599376,2.99821830015956,1.10279293798972,2.41235955185252,1.10968539385216,1.6955441421592,1.17171749661408,0.585858748307041,1.52323274559831,0.220558587597945,1.57147993663536,0.0827094703492292,1.64729695112215,0.234343499322816,1.70243659802164,0.454902086920761,1.75068378905869,1.28199679041305,2.04705939114342,2.55020866910123,2.20558587597945,2.93618619739764,2.19180096425458,3.54272231329199,2.00570465596881,4.30089245815992,1.85407062699522,4.16993579677364,1.53012520146074,3.7563884450275,1.48187801042369,2.9086163739479,1.62661958353484
"124","7-11",7,"11",882.999,3984.041,876.514,4.511942822,0.9926557108,34,NA,4.68856703121974,1.63080592390252,4.34881579707338,1.399775084683,3.93431929141483,1.25707956634152,3.078146181366,1.08040892458542,2.57531435482939,1.11438404800005,1.86183676312204,1.22310444292689,0.767837789170769,1.54247060302447,0.305776110731722,1.59683080048788,0.176670641756106,1.6511909979513,0.305776110731722,1.75991139287813,0.631937295512226,1.76670641756106,1.42016015873178,2.02491735551229,2.79955016936599,2.14043277512206,3.11212130478064,2.11325267639035,3.7780337237075,2.01132730614644,4.45074116731729,1.89581188653668,4.34202077239046,1.51529050429276,3.90713919268312,1.44734025746349,3.09853125541479,1.53567557834154
"125","9-1",9,"1",846.021,3005.617,650.246,3.552650584,0.7685932146,25,NA,3.96444059899222,1.61698113876606,3.64529958476208,1.44677259784332,3.26942239022436,1.31202416961281,2.61695631668717,1.21982787661299,2.21980305453411,1.26238001184368,1.60279709368916,1.41131248515108,0.744662366537001,1.81555776984259,0.560269780537363,1.85810990507328,0.404245284691515,1.9503061980731,0.56736180307581,2.01413440091913,0.780122479229239,1.97867428822689,1.53187686830469,2.04250249107292,2.51057597861046,2.05668653614981,2.6949685646101,2.02122642345757,3.07084575914782,1.92903013045775,3.69494374253121,1.87938597268862,3.65948362983898,1.55315293592003,3.23396227753212,1.51769282322779,2.58858822653338,1.60279709368916
"126","9-12",9,"12",882.02,2971.012,708.229,3.36841795,0.8029625179,20,NA,4.06113240062584,1.55778780526519,3.73460919253532,1.44214416906646,3.36046801659826,1.36731593387905,2.5917779642185,1.38092106754949,2.40130609283236,1.39452620121993,2.01355978322487,1.40132876805515,1.05439785945897,1.66662887462869,0.795900319720641,1.72104940931045,0.700664384027573,1.80268021133308,0.870728554908052,1.83669304550917,1.06800299312941,1.85029817917961,1.66662887462869,1.99315208271921,2.46933176118455,2.21083422144623,2.68021133307635,2.20403165461101,3.16999614521213,2.07478288474184,3.89106822974536,1.86390331285005,3.73460919253532,1.56459037210041,3.33325774925739,1.55098523842997,2.700619033582,1.80268021133308
"127","9-2",9,"2",858.084,3936.773,888.993,4.587864358,1.036020949,28,NA,4.73380228509097,1.65718041590334,4.35621687387249,1.43342609814424,3.93667752807417,1.30057197197477,3.05564490189772,1.18869481309522,2.51024375235991,1.20267945795517,1.81101150936272,1.32854126169466,0.552393471967779,1.6921420280532,0.328639154208679,1.71311899534311,0.14683877102941,1.78304221964283,0.265708252338932,1.88792705609241,0.531416504677864,1.9158963458123,1.40545680842435,2.22355853273106,2.72001342525907,2.32145104675067,3.13256044862741,2.25152782245095,3.7059308878851,2.08371208413162,4.46110171032207,1.95085795796216,4.32125526172263,1.55229557945376,3.88773127106437,1.53831093459382,3.0836141916176,1.66417273833331
"128","9-3",9,"3",859.027,2951.299,667.727,3.435630079,0.7773061848,29,NA,4.19078794962207,1.98363962948778,3.93235602606204,1.78108487858938,3.54820046401335,1.54360689477746,2.77290469333327,1.38296002337528,2.48653418344243,1.38994466995799,1.92776245682615,1.44582184261961,1.13151274639796,1.6274226537699,0.935942642082263,1.66234588668342,0.754341830931973,1.70425376617964,0.914988702334152,1.78806952517208,1.12452809981526,1.79505417175479,1.66933053326613,2.00459356923589,2.52844206293865,2.19317902696888,2.77988933991597,2.20016367355159,3.2408760143744,2.15127114747266,3.82758632732149,2.20714832013429,3.89743279314853,1.8299774046683,3.45041541185551,1.75314629225857,2.91259762498734,1.71123841276235
"129","9-4",9,"4",870,3258.006,762.213,3.744834483,0.8761068966,30,NA,4.41379310344828,1.6551724137931,4.06896551724138,1.42758620689655,3.6551724137931,1.28275862068966,3.00689655172414,1.17241379310345,2.57241379310345,1.18620689655172,1.91724137931034,1.29655172413793,1.0551724137931,1.56551724137931,0.806896551724138,1.6,0.682758620689655,1.66896551724138,0.786206896551724,1.75862068965517,1.04827586206897,1.77241379310345,1.77931034482759,1.97241379310345,2.70344827586207,2.10344827586207,3.03448275862069,2.03448275862069,3.4551724137931,1.93793103448276,4.09655172413793,1.92413793103448,4.04827586206897,1.53793103448276,3.64137931034483,1.46896551724138,2.97241379310345,1.49655172413793
"130","9-5",9,"5",858.524,2730.059,624,3.179944882,0.7268288365,26,NA,3.63414418234085,1.79610587473385,3.39652706272626,1.60740992680461,3.03311264449217,1.44666893412415,2.4320811066435,1.37678154600221,2.06866668840941,1.36280406837782,1.53752253868267,1.45365767293634,0.79671622459011,1.69127479255094,0.56608784378771,1.7332072254241,0.454268022792607,1.81707209117043,0.552110366163322,1.86599326285579,0.768761269341335,1.86599326285579,1.35581532956563,1.98480182266308,2.16650903178012,2.09662164365819,2.51594597238982,2.04071173316063,2.83742795775074,1.97082434503869,3.36158336866529,2.00576803909966,3.38254958510187,1.67729731492655,2.99118021161901,1.59343244918022,2.4320811066435,1.58644371036803
"131","9-6",9,"6",864.083,3042.609,656.747,3.521199931,0.7600508285,28,NA,4.51345530464087,1.44430569748508,4.22876043157891,1.31237392704173,3.79824623329009,1.20127348877365,3.08998093933106,1.18738593399014,2.77056717931032,1.24987993051593,2.23589632014517,1.38875547835104,1.36098036878402,1.70816923837178,1.14572326963961,1.77066323489757,1.03462283137152,1.84704478620688,1.18044215659838,1.90259500534092,1.333205259217,1.91648256012443,2.05535810795954,1.99980788882549,2.95110539149596,2.00675166621725,3.15941871324861,1.96508900186672,3.65242690806323,1.82621345403162,4.28431065071295,1.7359443479388,4.20098532201189,1.39569925574279,3.79824623329009,1.36792414617577,3.19413760020739,1.43736192009332
"132","9-7",9,"7",780.023,3663.996,795.266,4.697292259,1.019541731,37,NA,5.33061204605505,2.15378264487073,4.9998525684499,1.85379149076373,4.63063268647207,1.66148946890028,3.77681170939831,1.36919039566782,3.23067396730609,1.29996166779698,2.39223715198142,1.32303791042059,0.992278432815443,1.65379738802574,0.876897219697368,1.63072114540212,0.669211036084833,1.72302611589658,0.899973462320983,1.83071524814012,1.12304380768259,1.82302316726558,1.92302021863458,2.19224304924342,3.25375020992971,2.3691609093578,3.80758003289647,2.39223715198142,4.49986731160491,2.34608466673419,5.01523673019898,2.35377674760872,4.97677632582629,1.96148062300727,4.56140395860122,1.89994397601096,3.7537354667747,1.88455981426189
"133","9-8",9,"8",876,3768.196,858.524,4.301593607,0.9800502283,36,NA,4.5,1.76712328767123,4.16438356164384,1.52054794520548,3.73972602739726,1.33561643835616,2.93150684931507,1.12328767123288,2.44520547945205,1.10958904109589,1.72602739726027,1.18493150684932,0.712328767123288,1.41780821917808,0.335616438356164,1.45890410958904,0.226027397260274,1.54109589041096,0.356164383561644,1.63013698630137,0.671232876712329,1.65753424657534,1.23287671232877,1.94520547945205,2.55479452054795,2.13013698630137,2.86301369863014,2.13698630136986,3.52054794520548,2.06849315068493,4.18493150684932,2,4.13698630136986,1.60958904109589,3.73972602739726,1.51369863013699,2.93835616438356,1.5
