population,individual,sex,species,sequenced?,egg diameter.1,egg diameter.2,egg diameter.3,egg diameter.4,egg diameter.5,egg diameter.6,egg diameter.7,egg diameter.8,egg diameter.9,egg diameter.10,teste length.1,teste length.2,teste width.1,teste width.2,weight (mg),note,std.length,depth.1,membership
AL-S-2014,1,,C,,,,,,,,,,,,,,,,,,5.1153666318,1.2244972294,
AL-S-2014,2,,C,,,,,,,,,,,,,,,,,,4.6836766606,1.1999031028,
AL-S-2014,3,,C,,,,,,,,,,,,,,,,,,5.1815687722,1.2392823811,
AL-S-2014,4,,C,,,,,,,,,,,,,,,,,,4.2270572579,0.7944586793,
AL-S-2014,5,,C,,,,,,,,,,,,,,,,,,4.9758224551,1.217238742,
AL-S-2014,6,,C,,,,,,,,,,,,,,,,,,4.8016343087,1.153810652,
AL-S-2014,7,,C,,,,,,,,,,,,,,,,,,4.6563430235,1.1678276843,
AL-S-2014,8,,C,,,,,,,,,,,,,,,,,,4.9828045923,1.1845013152,
AL-S-2014,9,,C,,,,,,,,,,,,,,,,,,4.9795916258,1.1394223441,
AL-S-2014,10,,C,,,,,,,,,,,,,,,,,,5.0637694016,1.1847012916,
AL-S-2014,11,,C,,,,,,,,,,,,,,,,,,4.9225501608,1.1767842767,
AL-S-2014,12,,C,,,,,,,,,,,,,,,,,,5.2272219174,1.1925644668,
AL-S-2014,13,,C,,,,,,,,,,,,,,,,,,4.8340247048,1.0921788712,
AL-S-2014,14,,C,,,,,,,,,,,,,,,,,,4.8825809818,1.177754361,
AL-S-2014,15,,C,,,,,,,,,,,,,,,,,,5.230069844,1.2700301529,
AL-S-2014,16,,C,,,,,,,,,,,,,,,,,,4.8300802042,1.1943893213,
AL-S-2014,18,,C,,,,,,,,,,,,,,,,,,3.346191912,0.7849296945,
AL-S-2014,19,,C,,,,,,,,,,,,,,,,,,3.2999664151,0.7427520953,
AL2014,1,F,B,1,1.3,1.2,1.2,1.5,1.7,1.5,1.2,1.2,1.4,1.4,,,,,3.093,,6.0073900709,1.4326406619,1
AL2014,2,F,B,1,1.7,1.5,1.7,1.6,1.7,1.7,1.6,1.5,1.6,1.6,,,,,3.995,,5.793603476,1.3841058507,1
AL2014,3,F,B,1,1.2,1.4,1.3,1.4,1.4,1.1,1.3,1.3,1.2,1.5,,,,,3.543,,4.8933785714,1.2000857143,1
AL2014,4,,B,,,,,,,,,,,,,,,,,,4.8961040189,1.163465721,
AL2014,5,F,B,1,1.8,1.6,1.6,1.6,1.5,1.6,1.6,1.55,1.6,1.5,,,,,4.376,,5.5177352246,1.4327825059,1
AL2014,6,M,B,1,,,,,,,,,,,5,NA,1.1,1,0.613,,5.4200407971,1.3170364146,1
AL2014,7,F,B,1,1.9,1.6,1.5,1.5,1.4,1.15,1.4,1.5,1.2,1.5,,,,,3.703,,5.4529456265,1.2773049645,1
AL2014,8,,B,,,,,,,,,,,,,,,,,,5.0129761908,1.1482027459,
AL2014,9,,B,,,,,,,,,,,,,,,,,,4.9394838432,1.172328852,
AL2014,10,,B,,,,,,,,,,,,,,,,,,5.6237616507,1.3124032309,
AL2014,11,F,B,1,1.4,1.5,1.5,1.5,1.5,1.5,1.5,1.6,1.45,1.4,,,,,3.45,x9,5.9117375198,1.3120982669,1
AL2014,12,M,B,1,,,,,,,,,,,5.7,4.5,1.2,1.3,0.684,,4.9671043924,1.1344942992,1
AL2014,13,F,B,1,1.3,1.3,1.4,1.1,1.3,1.5,1.3,1.3,1.1,1.3,,,,,3.724,,5.7504874872,1.3220891834,1
AL2014,14,F,B,1,1.5,1.2,1.2,1.2,1.4,1.5,1.4,0.9,1.6,1.6,,,,,2.479,,5.5757840813,1.3901080587,1
AL2014,15,,B,,,,,,,,,,,,,,,,,,5.0722227082,1.2056636825,
AL2014,16,,B,,,,,,,,,,,,,,,,,,5.0560969267,1.1632080378,
AL2014,17,,B,,,,,,,,,,,,,,,,,,5.9526348015,1.4396954216,
AL2014,18,,B,,,,,,,,,,,,,,,,,,5.2326501089,1.3199485631,
AL2014,19,,B,,,,,,,,,,,,,,,,,,5.5620921986,1.2696808511,
AL2014,20,,B,,,,,,,,,,,,,,,,,,5.6500117371,1.3873239437,
AL2014,21,M,B,1,,,,,,,,,,,4.7,5.2,0.7,1,0.639,,5.1773475177,1.2485484634,1
AL2014,22,M,B,1,,,,,,,,,,,5.5,6.5,1.1,1.25,0.61,,5.3508307483,1.3074970896,1
AL2014,23,M,B,1,,,,,,,,,,,NA,NA,NA,NA,0.529,,5.198053153,1.2339974896,1
AL2014,24,M,B,1,,,,,,,,,,,6.3,5.7,1.9,1.2,0.944,,5.3288212363,1.2552865056,1
AL2014,25,,B,,,,,,,,,,,,,,,,,,5.4536690476,1.3000190476,
AL2014,26,,B,,,,,,,,,,,,,,,,,,5.4114082126,1.2191376812,
AL2014,27,,B,,,,,,,,,,,,,,,,,,4.7860316562,1.1455988951,
AL2014,28,,B,,,,,,,,,,,,,,,,,,4.9946521739,1.2319057971,
AL2014,29,M,B,1,,,,,,,,,,,6.2,5.2,1.2,1,0.611,,5.1678091787,1.2179299517,1
AL2014,30,,B,,,,,,,,,,,,,,,,,,4.907237459,1.1799137193,
AL2014,31,,B,,,,,,,,,,,,,,,,,,5.3195513509,1.2897404376,
AL2014,32,M,B,1,,,,,,,,,,,7.2,4,1.6,1,0.717,,5.4371606715,1.2969616307,1
AL2014,33,,B,,,,,,,,,,,,,,,,,,5.1805305448,1.1942077915,
AL2014,34,,B,,,,,,,,,,,,,,,,,,5.5275286319,1.359192603,
AL2014,34,,B,,,,,,,,,,,,,,,,,,5.602248227,1.3902340426,
AL2014,35,,B,,,,,,,,,,,,,,,,,,5.4976175688,1.3238811446,
AL2014,35,,B,,,,,,,,,,,,,,,,,,5.54486475,1.348101862,
AL2014,36,,B,,,,,,,,,,,,,,,,,,5.4409835681,1.2464788732,
AL2014,37,,B,,,,,,,,,,,,,,,,,,6.1613073286,1.4468770686,
AL2014,38,,B,,,,,,,,,,,,,,,,,,4.8263073019,1.1532894691,
AL2014,39,,B,,,,,,,,,,,,,,,,,,4.5433119048,1.1428785714,
AL2014,40,,B,,,,,,,,,,,,,,,,,,5.1336890362,1.2112363296,
AL2014,41,,B,,,,,,,,,,,,,,,,,,4.9435554481,1.1693242663,
AL2014,42,,B,,,,,,,,,,,,,,,,,,4.9521525822,1.1700539906,
AL2014,43,,B,,,,,,,,,,,,,,,,,,5.287094189,1.2340908392,
AL2014,44,,B,,,,,,,,,,,,,,,,,,4.9002583662,1.1417491839,
AL2014,45,,B,,,,,,,,,,,,,,,,,,4.195368442,0.9937944876,
BK,1,,C,,,,,,,,,,,,,,,,,,5.5327738588,1.2319033753,
BK,2,,C,,,,,,,,,,,,,,,,,,4.7690656999,1.0562856689,
BK,3,,C,,,,,,,,,,,,,,,,,,5.8321702045,1.3620952643,
BK,4,,C,,,,,,,,,,,,,,,,,,5.4936167485,1.3077652851,
BK,5,,C,,,,,,,,,,,,,,,,,,5.0249242989,1.1500406388,
BK,6,,C,,,,,,,,,,,,,,,,,,4.977374649,1.1759541544,
BK,7,,C,,,,,,,,,,,,,,,,,,5.9745896098,1.3520337751,
BK,8,,C,,,,,,,,,,,,,,,,,,5.0113737465,1.1385053625,
BK,9,,C,,,,,,,,,,,,,,,,,,6.6905603774,1.4574838784,
BK,10,,C,,,,,,,,,,,,,,,,,,4.9274957797,1.0773546733,
BK,11,,C,,,,,,,,,,,,,,,,,,5.2491321536,1.1986970768,
BK,12,,C,,,,,,,,,,,,,,,,,,5.7417411721,1.313530431,
BK,13,,C,,,,,,,,,,,,,,,,,,5.1639116904,1.2253936352,
BK,14,,C,,,,,,,,,,,,,,,,,,5.0938974359,1.1492794872,
BK,15,,C,,,,,,,,,,,,,,,,,,5.3028525275,1.2256689017,
BK,16,,C,,,,,,,,,,,,,,,,,,5.1115242112,1.1941411008,
BK,17,,C,,,,,,,,,,,,,,,,,,5.2972894966,1.2669374249,
BK,18,,C,,,,,,,,,,,,,,,,,,5.1916693376,1.2164510711,
BK,19,,C,,,,,,,,,,,,,,,,,,5.1541209032,1.1392257619,
BK,20,,C,,,,,,,,,,,,,,,,,,5.3611984996,1.2055966217,
BK,21,,C,,,,,,,,,,,,,,,,,,5.8834530172,1.3372329435,
BK,22,,C,,,,,,,,,,,,,,,,,,5.4352768648,1.2071217241,
BK,23,,C,,,,,,,,,,,,,,,,,,5.2004892044,1.210201502,
BK,24,,C,,,,,,,,,,,,,,,,,,5.1379641026,1.1488205128,
BK,25,,C,,,,,,,,,,,,,,,,,,4.9641169052,1.1227545831,
BK,26,,C,,,,,,,,,,,,,,,,,,5.4363893226,1.2641370593,
BK,27,,C,,,,,,,,,,,,,,,,,,5.3340845749,1.2211368106,
BK,28,,C,,,,,,,,,,,,,,,,,,4.9325728615,1.0820417362,
BK,29,,C,,,,,,,,,,,,,,,,,,5.3573724521,1.189363491,
BK,30,,C,,,,,,,,,,,,,,,,,,4.5862383684,1.0095729764,
BK,31,,C,,,,,,,,,,,,,,,,,,5.0658376175,1.1244778913,
BK,32,,C,,,,,,,,,,,,,,,,,,4.6088530741,1.1082242827,
BK,33,,C,,,,,,,,,,,,,,,,,,4.751727355,1.0839490646,
BK,34,,C,,,,,,,,,,,,,,,,,,5.5277998995,1.2933982809,
BK,35,,C,,,,,,,,,,,,,,,,,,4.7715335264,1.1326845321,
BK,36,,C,,,,,,,,,,,,,,,,,,4.2983080115,0.7837656731,
BK,37,,C,,,,,,,,,,,,,,,,,,4.6614142947,1.0709813714,
BK,38,,C,,,,,,,,,,,,,,,,,,6.1626705568,1.4401532127,
BK,39,,C,,,,,,,,,,,,,,,,,,5.1607242268,1.189193299,
BK,40,,C,,,,,,,,,,,,,,,,,,5.643457236,1.2756107141,
BK,41,,C,,,,,,,,,,,,,,,,,,4.772179956,1.0762791127,
BK,42,,C,,,,,,,,,,,,,,,,,,4.8285521147,1.1739528595,
BK,43,,C,,,,,,,,,,,,,,,,,,4.404906088,0.9912318034,
BK,44,,C,,,,,,,,,,,,,,,,,,5.3904718451,1.1180048599,
BK,45,,C,,,,,,,,,,,,,,,,,,4.9583972147,1.2165488173,
BK,46,,C,,,,,,,,,,,,,,,,,,5.830909805,1.3190947854,
BK,47,,C,,,,,,,,,,,,,,,,,,4.7399519796,1.0762304261,
BK,48,,C,,,,,,,,,,,,,,,,,,4.3699154529,0.9789662687,
BK,49,,C,,,,,,,,,,,,,,,,,,4.6713233824,1.1024827841,
BK,50,,C,,,,,,,,,,,,,,,,,,4.9369078866,1.1563794447,
BK,51,,C,,,,,,,,,,,,,,,,,,5.4636447084,1.215444653,
BK,52,,C,,,,,,,,,,,,,,,,,,5.2364223324,1.2586558363,
BK,53,,C,,,,,,,,,,,,,,,,,,5.1044714336,1.1249371917,
BK,54,,C,,,,,,,,,,,,,,,,,,5.02339928,1.1698281079,
BK,55,,C,,,,,,,,,,,,,,,,,,4.6575720747,1.1538362922,
BK,56,,C,,,,,,,,,,,,,,,,,,5.5054571951,1.2654517173,
BK,57,,C,,,,,,,,,,,,,,,,,,5.2894199663,1.1627804823,
BK,58,,C,,,,,,,,,,,,,,,,,,4.6279147287,1.077630491,
BK,59,,C,,,,,,,,,,,,,,,,,,5.7378445867,1.2342239361,
BK,60,,C,,,,,,,,,,,,,,,,,,5.2627940242,1.288159055,
BK,61,,C,,,,,,,,,,,,,,,,,,4.9587695176,1.1193634574,
BK,62,,C,,,,,,,,,,,,,,,,,,4.5861405373,1.0551180692,
BK,63,,C,,,,,,,,,,,,,,,,,,4.6161901042,1.016375,
BK,64,,C,,,,,,,,,,,,,,,,,,6.270502454,1.404733652,
BK,65,,C,,,,,,,,,,,,,,,,,,4.7204076923,1.0106230769,
BK,66,,C,,,,,,,,,,,,,,,,,,5.4559718939,1.3021789954,
BK,67,,C,,,,,,,,,,,,,,,,,,5.7066884728,1.3309707155,
BK,68,,C,,,,,,,,,,,,,,,,,,4.921006753,1.1427113725,
BK,69,,C,,,,,,,,,,,,,,,,,,5.1659765625,1.1875260417,
BK,70,,C,,,,,,,,,,,,,,,,,,4.5044029642,1.1416338511,
BK,71,,C,,,,,,,,,,,,,,,,,,4.919197358,1.1076838661,
BK,72,,C,,,,,,,,,,,,,,,,,,4.9936020672,1.1163049096,
BK,73,,C,,,,,,,,,,,,,,,,,,5.4998125059,1.2328781392,
BR,1,,C,,,,,,,,,,,,,,,,,,4.7985160885,1.0897548599,
BR,2,,C,,,,,,,,,,,,,,,,,,4.6922459859,1.0881248638,
BR,3,,C,,,,,,,,,,,,,,,,,,5.1695242051,1.085087726,
BR,4,,C,,,,,,,,,,,,,,,,,,4.9031000895,1.0575968986,
BR,5,,C,,,,,,,,,,,,,,,,,,4.7294222619,0.9903415457,
BR,6,,C,,,,,,,,,,,,,,,,,,5.4795561921,1.1901614175,
BR,7,,C,,,,,,,,,,,,,,,,,,6.0169561856,1.3711340206,
BR,8,,C,,,,,,,,,,,,,,,,,,5.2528896315,1.1479547455,
BR,9,,C,,,,,,,,,,,,,,,,,,5.2763179252,1.1649374306,
BR,10,,C,,,,,,,,,,,,,,,,,,5.0768418367,1.1735688776,
BR,11,,C,,,,,,,,,,,,,,,,,,5.2739631543,1.1340598197,
BR,12,,C,,,,,,,,,,,,,,,,,,6.752167493,1.4725647428,
BR,13,,C,,,,,,,,,,,,,,,,,,5.663323257,1.3486453294,
BR,14,,C,,,,,,,,,,,,,,,,,,5.7303965684,1.3230954231,
BR,15,,C,,,,,,,,,,,,,,,,,,5.2465123673,1.2358744786,
BR,16,,C,,,,,,,,,,,,,,,,,,5.7397084653,1.3333162395,
BR,17,,C,,,,,,,,,,,,,,,,,,5.785825641,1.4205948718,
BR,18,F,C,1,,,,,,,,,,,,,,,,,5.1712588635,1.2476735661,1
BR,19,M,C,1,,,,,,,,,,,,,,,,,6.0296932729,1.456657462,1
BR,20,F,C,1,,,,,,,,,,,,,,,,,5.5034172302,1.3147953507,1
BR,21,M,C,1,,,,,,,,,,,,,,,,,5.173652188,1.1743393304,1
BR,22,,C,,,,,,,,,,,,,,,,,,5.4846546392,1.1774716495,
BR,23,F,C,1,,,,,,,,,,,,,,,,,5.6331806992,1.3371946786,1
BR,24,M,C,1,,,,,,,,,,,,,,,,,5.6551176015,1.2616511899,1
BR,25,F,C,1,,,,,,,,,,,,,,,,,5.7213453021,1.3112773244,1
BR,26,,C,,,,,,,,,,,,,,,,,,5.6959336735,1.3891045918,
BR,27,,C,,,,,,,,,,,,,,,,,,4.8389005389,1.0824185684,
BR,28,F,C,1,,,,,,,,,,,,,,,,,4.9975801838,1.2113718477,1
BR,29,M,C,1,,,,,,,,,,,,,,,,,5.1325490538,1.1895037454,1
BR,30,M,C,1,,,,,,,,,,,,,,,,,5.3039990154,1.1846515957,1
BR,31,M,C,1,,,,,,,,,,,,,,,,,5.1812133193,1.1435384249,1
BR,32,M,C,1,,,,,,,,,,,,,,,,,5.0402248716,1.1274187213,1
BR,33,F,C,1,,,,,,,,,,,,,,,,,5.7213363531,1.3621997439,1
BR,34,,C,,,,,,,,,,,,,,,,,,5.6333001069,1.3069409175,
BR,35,,C,,,,,,,,,,,,,,,,,,5.0730192088,1.0969283801,
BR,36,M,C,1,,,,,,,,,,,,,,,,,5.1743534233,1.1869073852,1
BR,37,F,C,1,,,,,,,,,,,,,,,,,5.6996371313,1.4015570275,1
BR,38,,C,,,,,,,,,,,,,,,,,,5.6995854645,1.3177331922,
BR,39,,C,,,,,,,,,,,,,,,,,,5.2577333333,1.1744589744,
BR,40,,C,,,,,,,,,,,,,,,,,,5.4251381393,1.2605735824,
BR,41,,C,,,,,,,,,,,,,,,,,,5.6461805334,1.347008329,
BR,42,,C,,,,,,,,,,,,,,,,,,5.1326709304,1.2473148571,
BR,43,,C,,,,,,,,,,,,,,,,,,5.7914513916,1.2975808002,
BR,44,,C,,,,,,,,,,,,,,,,,,5.8375215694,1.3435174003,
BR,45,,C,,,,,,,,,,,,,,,,,,5.0460923899,1.1654064781,
BR,46,,C,,,,,,,,,,,,,,,,,,5.2322739452,1.2018358739,
BR,47,,C,,,,,,,,,,,,,,,,,,5.3319352076,1.220466304,
BR,48,,C,,,,,,,,,,,,,,,,,,6.2466050695,1.4054509607,
BR,49,,C,,,,,,,,,,,,,,,,,,6.2354794872,1.4114410256,
BR,50,,C,,,,,,,,,,,,,,,,,,5.3402811777,1.1750197123,
BR,51,,C,,,,,,,,,,,,,,,,,,5.4453400324,1.3081574223,
BR,52,,C,,,,,,,,,,,,,,,,,,5.2928463323,1.2503706229,
BR,53,,C,,,,,,,,,,,,,,,,,,5.2816996385,1.2866654437,
BR,54,,C,,,,,,,,,,,,,,,,,,5.6262499615,1.3230592905,
BR,55,,C,,,,,,,,,,,,,,,,,,5.4091460366,1.1899052576,
BR,56,,C,,,,,,,,,,,,,,,,,,5.0937282864,1.1907845988,
BR,57,,C,,,,,,,,,,,,,,,,,,6.1543322183,1.3967519315,
BR,58,,C,,,,,,,,,,,,,,,,,,5.2062091045,1.1752936825,
BR,59,,C,,,,,,,,,,,,,,,,,,4.8263401201,1.1523584627,
BR,60,,C,,,,,,,,,,,,,,,,,,6.2247275276,1.3763688048,
BR,61,,C,,,,,,,,,,,,,,,,,,5.2863373546,1.1389212959,
BR,62,,C,,,,,,,,,,,,,,,,,,5.5926497344,1.3849081788,
BR,63,,C,,,,,,,,,,,,,,,,,,5.6878184428,1.3251628134,
BR,64,,C,,,,,,,,,,,,,,,,,,5.121888758,1.1886462303,
BR,65,,C,,,,,,,,,,,,,,,,,,5.2699334931,1.2329151556,
BR,66,,C,,,,,,,,,,,,,,,,,,5.2057607154,1.169167814,
BR,67,,C,,,,,,,,,,,,,,,,,,5.623875981,1.2735557531,
BR,68,,C,,,,,,,,,,,,,,,,,,5.5097746143,1.2738902089,
BR,69,,C,,,,,,,,,,,,,,,,,,5.8145372597,1.3968275537,
BR,70,,C,,,,,,,,,,,,,,,,,,5.7246900668,1.2756083873,
CB,1,,C,,,,,,,,,,,,,,,,,,3.8867633588,0.926216285,
CL,1,,B,,,,,,,,,,,,,,,,,,4.6650203562,1.0381959288,
CL,2,,B,,,,,,,,,,,,,,,,,,3.9173789029,0.9007712252,
CL,3,,B,,,,,,,,,,,,,,,,,,4.2046736076,0.9848514309,
CL,4,F,B,1,1.5,1.6,1.5,1.5,1.4,1.5,1.5,1.5,1.5,1.45,,,,,3.746,,5.511225621,1.2740616922,NA
CL,5,,B,,,,,,,,,,,,,,,,,,3.929504902,0.9338529412,
CL,6,,B,,,,,,,,,,,,,,,,,,3.683057991,0.8444536074,
CL,7,,B,,,,,,,,,,,,,,,,,,4.2539730392,1.051495098,
CL,8,,B,,,,,,,,,,,,,,,,,,5.3774338235,1.1912671569,
CL,9,F,B,1,1.1,1.2,1.1,1.1,1.05,1.05,1,1.2,1.2,1.1,,,,,1.81,,5.4907397577,1.2222112486,1
CL,10,,B,,,,,,,,,,,,,,,,,,5.4689613968,1.355489774,
CL,11,F,B,1,1,1,0.9,1,0.9,0.9,0.8,1,1,1,,,,,1.25,,5.885,1.2576960784,1
CL,12,F,B,1,NA,NA,NA,NA,NA,NA,NA,NA,NA,NA,,,,,NA,eggs disintigrated,5.3869181147,1.2368482637,1
CL,13,,B,,,,,,,,,,,,,,,,,,3.5492111706,0.7960334358,
CL,14,,B,,,,,,,,,,,,,,,,,,3.8599398124,0.8583984814,
CL,16,,B,,,,,,,,,,,,,,,,,,3.8661231752,0.838037046,
CL,17,F,B,1,1.5,1.5,1.5,1.4,1.6,1.4,1.5,1.55,1.5,1.4,,,,,3.73,,4.8866524823,1.1773900709,1
CL,18,,B,,,,,,,,,,,,,,,,,,3.7501983373,0.8689706649,
CL,19,M,B,1,,,,,,,,,,,4,3.3,1,0.9,0.384,,3.9903532265,0.867512286,2
CL,20,,B,,,,,,,,,,,,,,,,,,3.6384704492,0.8510921986,
CL,21,M,B,1,,,,,,,,,,,2.7,NA,0.7,NA,0.278,torn,3.8443900709,0.8937304965,2
CL,22,,B,,,,,,,,,,,,,,,,,,4.0870120068,0.9435086224,
CL,23,M,B,1,,,,,,,,,,,3.9,3.7,0.9,0.9,0.484,,4.7293594692,1.0301301633,1
CL,24,F,B,1,1,1,1,1,1,1.2,1.2,1.1,1.05,1.1,,,,,1.865,,5.3959134404,1.271395273,1
CL,25,M,B,1,,,,,,,,,,,3.7,2.9,0.75,0.5,0.255,,3.4892312747,0.831068189,2
CL,26,,B,,,,,,,,,,,,,,,,,,4.1237047619,0.8951690476,
CL,27,F,B,1,1.6,1.7,1.55,1.5,1.6,1.5,1.6,1.5,1.5,1.5,,,,,3.96,,5.192051399,1.2339974896,1
CL,28,M,B,1,,,,,,,,,,,4.2,NA,0.7,NA,0.427,torn,4.6740905751,1.042606881,1
CL,29,M,B,1,,,,,,,,,,,3.5,4.7,1,1.3,0.44,,3.8198071003,0.9298923123,2
CL,30,,B,,,,,,,,,,,,,,,,,,4.0579527187,0.9505933806,
CL,31,F,B,1,1.7,1.6,0.15,1.5,1.6,1.6,1.5,1.6,1.7,1.6,,,,,3.725,,4.0006571933,0.8515144996,2
CL,32,,B,,,,,,,,,,,,,,,,,,4.0504336767,0.9007141658,
CL,33,F,B,1,1.5,1.5,1.5,1.4,1.3,1.3,1.4,1.4,1.45,1.45,,,,,2.73,,3.8544174974,0.8317041401,2
CL,34,,B,,,,,,,,,,,,,,,,,,3.8129339098,0.9010644308,
CL,35,,B,,,,,,,,,,,,,,,,,,3.6030118203,0.773179669,
CL,36,,B,,,,,,,,,,,,,,,,,,4.3262647754,0.8936453901,
CL,37,,B,,,,,,,,,,,,,,,,,,3.764737114,0.921847285,
CL,38,F,B,1,NA,NA,NA,NA,NA,NA,NA,NA,NA,NA,,,,,NA,egg disintigrated,4.9431714286,1.1929428571,1
CL,39,M,B,1,,,,,,,,,,,2.4,3.9,0.6,0.9,0.559,,3.8949696344,0.8586017858,2
CL,40,F,B,1,1.3,1.3,1.4,1.2,1.3,1.4,1.5,1.3,1.3,1.4,,,,,2.65,,3.5257593774,0.8387796062,2
CL,41,F,B,1,1.4,1.4,1.5,1.5,1.5,1.4,1.4,1.5,1.45,1.4,,,,,2.84,,4.1264499744,0.9580651673,2
CL,42,M,B,1,,,,,,,,,,,3,2.7,0.5,0.8,0.285,,3.606633878,0.7979510967,2
CL,43,,B,,,,,,,,,,,,,,,,,,5.3185316811,1.2260481537,1
CL,44,,B,,,,,,,,,,,,,,,,,,4.0077910798,0.9298169014,
CL,45,M,B,1,,,,,,,,,,,3.7,4.3,0.9,1.1,0.405,,3.5383028169,0.7476737089,2
CL,46,,B,,,,,,,,,,,,,,,,,,3.7353239437,0.8663122066,
CL,47,F,B,1,1.3,1.45,1.45,1.3,1.45,1.3,1.5,1.3,1.4,1.4,,,,,3.114,,3.9020592845,0.8724335774,2
CL,48,,B,,,,,,,,,,,,,,,,,,4.0804799054,0.8796903073,
CL,49,,B,,,,,,,,,,,,,,,,,,3.5087615109,0.7957846159,
CL,50,F,B,1,1,1,1,1.2,1.1,1.2,1.1,1.1,1.1,1,,,,,2.079,,5.1832049422,1.2041277621,1
CL,51,,B,,,,,,,,,,,,,,,,,,3.4886704803,0.7957846159,
CL,52,,B,,,,,,,,,,,,,,,,,,3.9998956772,0.885504477,
CL,53,F,B,1,0.9,0.93,1,0.95,1,0.95,0.9,1,0.9,0.9,,,,,1.642,,,,1
CL,54,F,B,1,1.5,1.4,1.4,1.4,1.3,1.2,1.2,1.4,1.3,1.3,,,,,2.77,,4.2725149848,1.0354434927,2
CL,55,,B,,,,,,,,,,,,,,,,,,3.8658418654,0.9295116444,
CL,56,F,B,1,1.4,1.5,1.5,1.5,1.4,1.5,1.5,1.3,1.3,1.4,,,,,2.912,,3.3640378146,0.7589778989,2
CL,57,,B,,,,,,,,,,,,,,,,,,3.8453028169,0.937915493,
CL,58,F,B,1,1.2,1.25,0.13,1.3,1.3,1,1.4,1.1,1.4,1.4,,,,,2.97,,5.1286845969,1.2081647995,1
CL,59,,B,,,,,,,,,,,,,,,,,,3.8202370361,0.8390698832,
CL,60,,B,,,,,,,,,,,,,,,,,,4.2536976745,0.9018241313,
CL,61,,B,,,,,,,,,,,,,,,,,,3.6036808511,0.837,
CL,62,,B,,,,,,,,,,,,,,,,,,3.7188497653,0.8662253521,
CL,63,F,B,1,1.5,1.45,1.45,1.5,1.6,1.5,1.3,1.4,1.4,1.45,,,,,2.741,,3.4931725768,0.7448156028,2
CL,64,,B,,,,,,,,,,,,,,,,,,5.818455392,1.401372265,
CL,65,M,B,1,,,,,,,,,,,4,3.5,1,0.8,0.375,,3.6975172003,0.8591609137,NA
CPN,1,,C,,,,,,,,,,,,,,,,,,5.8308317552,1.3630074245,
CPN,2,,C,,,,,,,,,,,,,,,,,,4.9258143606,1.1214510223,
CPN,3,,C,,,,,,,,,,,,,,,,,,5.8610187283,1.2931636199,
CPN,4,,C,,,,,,,,,,,,,,,,,,5.9428348976,1.4181850745,
CPN,5,,C,,,,,,,,,,,,,,,,,,5.395249288,1.2765212849,
CPN,6,F,C,1,,,,,,,,,,,,,,,,,5.541237037,1.2222444444,1
CPN,7,,C,,,,,,,,,,,,,,,,,,5.0142778008,1.1657917897,
CPN,8,M,C,1,,,,,,,,,,,,,,,,,4.7069836418,1.149825278,1
CPN,9,M,C,1,,,,,,,,,,,,,,,,,5.0662530267,1.2142753404,1
CPN,10,F,C,1,,,,,,,,,,,,,,,,,5.1685971223,1.2446258993,1
CPN,11,,C,,,,,,,,,,,,,,,,,,5.1433817625,1.1434321013,
CPN,12,M,C,1,,,,,,,,,,,,,,,,,5.0576723396,1.309495433,1
CPN,13,M,C,1,,,,,,,,,,,,,,,,,5.0642722254,1.196443837,1
CPN,14,,C,,,,,,,,,,,,,,,,,,5.2744987542,1.1798465748,
CPN,15,F,C,1,,,,,,,,,,,,,,,,,5.3945788582,1.2731423294,1
CPN,16,,C,,,,,,,,,,,,,,,,,,5.1638808408,1.2095737817,
CPN,17,M,C,1,,,,,,,,,,,,,,,,,4.7287666667,1.1785928571,1
CPN,18,,C,,,,,,,,,,,,,,,,,,5.3517592247,1.2291932016,
CPN,19,F,C,1,,,,,,,,,,,,,,,,,5.657049047,1.354545519,1
CPN,20,M,C,1,,,,,,,,,,,,,,,,,5.0991535268,1.2014468122,1
CPN,21,,C,,,,,,,,,,,,,,,,,,5.1782817473,1.1072366401,
CPN,22,,C,,,,,,,,,,,,,,,,,,5.4882614023,1.2448092883,
CPN,23,M,C,1,,,,,,,,,,,,,,,,,5.0296575069,1.1579567527,1
CPN,24,,C,,,,,,,,,,,,,,,,,,4.8648605201,1.1205886525,
CPN,25,F,C,1,,,,,,,,,,,,,,,,,4.9774789572,1.1515320308,1
CPN,26,,C,,,,,,,,,,,,,,,,,,5.1667746461,1.1048511515,
CPN,26,,C,,,,,,,,,,,,,,,,,,5.1831530139,1.1482751057,
CPN,27,,C,,,,,,,,,,,,,,,,,,5.5776930478,1.2837347504,
CPN,27,F,C,1,,,,,,,,,,,,,,,,,5.6619786926,1.3365085063,1
CPN,28,,C,,,,,,,,,,,,,,,,,,4.9161420705,1.085223992,
CPN,28,F,C,1,,,,,,,,,,,,,,,,,4.9757772336,1.1230625248,1
CPN,29,,C,,,,,,,,,,,,,,,,,,4.921893617,1.1845886525,
CPN,29,,C,,,,,,,,,,,,,,,,,,4.9652438744,1.2193416079,
CPN,30,,C,,,,,,,,,,,,,,,,,,4.7800222689,1.1136495268,
CPN,30,,C,,,,,,,,,,,,,,,,,,4.8280790816,1.1326989796,
CPN,31,,C,,,,,,,,,,,,,,,,,,4.6544753804,1.1198074368,
CPN,31,,C,,,,,,,,,,,,,,,,,,4.7323726619,1.1692619325,
CPN,32,,C,,,,,,,,,,,,,,,,,,4.8364705243,1.219816898,
CPN,32,,C,,,,,,,,,,,,,,,,,,4.9317908523,1.230713218,
CPN,33,,C,,,,,,,,,,,,,,,,,,5.0689037503,1.1286315192,
CPN,33,M,C,1,,,,,,,,,,,,,,,,,5.0579201796,1.1422609405,1
CPN,34,,C,,,,,,,,,,,,,,,,,,5.4428665637,1.2428108551,
CPN,34,,C,,,,,,,,,,,,,,,,,,5.4433421764,1.2805877251,
CPN,35,,C,,,,,,,,,,,,,,,,,,3.5630360387,0.8168513902,
CPN,35,,C,,,,,,,,,,,,,,,,,,,,
CPN,36,,C,,,,,,,,,,,,,,,,,,3.3769598109,0.8371489362,
CPN,36,,C,,,,,,,,,,,,,,,,,,3.4462631919,0.8649400531,
CPS,1,,B,,,,,,,,,,,,,,,,,,5.2805947242,1.3172541966,
CPS,2,,B,,,,,,,,,,,,,,,,,,5.516011343,1.3164921987,
CPS,3,,B,,,,,,,,,,,,,,,,,,5.4640697952,1.3334742314,
CPS,4,,B,,,,,,,,,,,,,,,,,,5.297139448,1.2391192505,
CPS,5,,B,,,,,,,,,,,,,,,,,,4.9563997092,1.1523486091,
CPS,6,,B,,,,,,,,,,,,,,,,,,5.238389395,1.2157952668,
CPS,7,,B,,,,,,,,,,,,,,,,,,5.6960588004,1.297390649,
CPS,8,,B,,,,,,,,,,,,,,,,,,4.7488603418,1.1740433706,
CPS,9,,B,,,,,,,,,,,,,,,,,,5.5000434783,1.2827922705,
CPS,10,,B,,,,,,,,,,,,,,,,,,5.2135507246,1.2609516908,
CPS,11,,B,,,,,,,,,,,,,,,,,,5.1644521577,1.1445179817,
CPS,12,,B,,,,,,,,,,,,,,,,,,5.0721347878,1.2949490541,
CPS,13,,B,,,,,,,,,,,,,,,,,,5.0572842609,1.1800845476,
CPS,14,,B,,,,,,,,,,,,,,,,,,5.3056368068,1.1814831007,
CPS,15,,B,,,,,,,,,,,,,,,,,,3.793524173,0.6953282443,
CPS,16,,B,,,,,,,,,,,,,,,,,,4.0072504269,0.9615481251,
CPS,17,,B,,,,,,,,,,,,,,,,,,3.3252540947,0.7768991723,
CPS,6A,,B,,,,,,,,,,,,,,,,,,3.83525,0.9470909091,
CPSE2014,1,,B,,,,,,,,,,,,,,,,,,4.8145974802,1.1130636776,
CPSE2014,2,M,B,1,,,,,,,,,,,6.5,6.2,1.5,1.4,0.909,,4.9528436235,1.2196430663,1
CPSE2014,3,,B,,,,,,,,,,,,,,,,,,5.8743751695,1.3330620891,
CPSE2014,4,,B,,,,,,,,,,,,,,,,,,5.0303161788,1.1948340074,
CPSE2014,5,,B,,,,,,,,,,,,,,,,,,5.0776360727,1.2390208506,
CPSE2014,6,,B,,,,,,,,,,,,,,,,,,5.5122425144,1.3034143644,
CPSE2014,7,,B,,,,,,,,,,,,,,,,,,5.8976587927,1.3549028871,
CPSE2014,8,,B,,,,,,,,,,,,,,,,,,4.8517777778,1.1862739018,
CPSE2014,9,F,B,1,1.6,1.6,1.55,1.6,1.5,1,1.5,0.95,1.5,0.9,,,,,3.724,,5.749325641,1.3308589744,1
CPSE2014,10,,B,,,,,,,,,,,,,,,,,,4.9810677705,1.1106864903,
CPSE2014,11,F,B,1,0.7,1.1,1.1,1,0.9,1.2,1,1,0.9,1,,,,,1.387,,5.4591041667,1.2668046875,NA
CPSE2014,12,M,B,1,,,,,,,,,,,2.2,4.7,0.6,1.1,0.6,,4.9130126129,1.0869441313,NA
CPSE2014,13,,B,,,,,,,,,,,,,,,,,,4.8000785505,1.1476698397,
CPSE2014,14,,B,,,,,,,,,,,,,,,,,,4.5846230769,1.1115307692,
CPSE2014,15,F,B,1,1.6,1.7,1.7,1.6,1.5,1.6,1.6,1.5,1.6,1.5,,,,,3.66,,5.1346948718,1.3005692308,1
CPSE2014,16,F,B,1,1.5,1.5,1.5,1.6,1.5,1.5,1.5,1.5,1.5,1.7,,,,,3.81,,5.6740700811,1.3362603252,1
CPSE2014,17,,B,,,,,,,,,,,,,,,,,,5.1430989583,1.1955416667,
CPSE2014,18,,B,,,,,,,,,,,,,,,,,,5.2884651163,1.2480620155,
CPSE2014,19,F,B,1,0.9,0.9,0.9,1,1,0.8,1,1,0.9,1,,,,,1.898,,5.8515046405,1.4150755706,1
CPSE2014,20,M,B,1,,,,,,,,,,,5.5,4.7,1.1,1.3,0.725,,4.9620864469,1.2200009302,1
CPSE2014,21,M,B,1,,,,,,,,,,,6,5,1.2,1.2,0.82,,4.9995105505,1.1793910519,1
CPSE2014,22,,B,,,,,,,,,,,,,,,,,,5.0152992672,1.1890716567,
CPSE2014,23,F,B,1,0.9,0.9,0.9,0.8,0.9,1,1,0.9,0.8,0.9,,,,,1.44,,5.3404648951,1.2263366511,1
CPSE2014,24,,B,,,,,,,,,,,,,,,,,,5.2095829723,1.2621870241,
CPSE2014,25,M,B,1,,,,,,,,,,,6,6,1.2,1.2,0.668,,5.0224966928,1.2547368311,1
CPSE2014,26,,B,,,,,,,,,,,,,,,,,,5.4230076531,1.2217857143,
CPSE2014,27,,B,,,,,,,,,,,,,,,,,,5.1663325222,1.2141432383,
CPSE2014,28,,B,,,,,,,,,,,,,,,,,,4.9486647607,1.1128190664,
CPSE2014,29,,B,,,,,,,,,,,,,,,,,,5.3867168367,1.2502602041,
CPSE2014,30,,B,,,,,,,,,,,,,,,,,,5.3489683889,1.2153191751,
CPSE2014,31,,B,,,,,,,,,,,,,,,,,,5.4138802782,1.2717366501,
CPSE2014,32,M,B,1,,,,,,,,,,,7,5.5,1.3,1,0.932,,5.1347018724,1.2320408242,1
CPSE2014,33,M,B,1,,,,,,,,,,,5.2,5.2,1.3,1.1,0.882,,5.3344572505,1.3025576595,1
CPSE2014,34,F,B,1,1.5,1.5,1.6,1.4,1.45,1.6,1.5,1.5,1.6,1.5,,,,,3.921,,5.5097436902,1.3143570608,1
CPSE2014,35,,B,,,,,,,,,,,,,,,,,,5.0105642969,1.2122137601,
CPSE2014,36,,B,,,,,,,,,,,,,,,,,,5.5505031987,1.2051230112,
CPSE2014,37,,B,,,,,,,,,,,,,,,,,,5.1076514052,1.3075380853,
CPSE2014,38,M,B,1,,,,,,,,,,,,,,,,,4.8237864115,1.1838747144,1
CPSE2014,39,,B,,,,,,,,,,,,,,,,,,5.4209176805,1.2925449674,
CPSE2014,40,,B,,,,,,,,,,,,,,,,,,5.8270919604,1.2924526609,
FTGC,1,,B,,,,,,,,,,,,,,,,,,5.3295885362,1.2019123465,
FTGC,2,,B,,,,,,,,,,,,,,,,,,5.47931228,1.3275036988,
FTGC,3,,B,,,,,,,,,,,,,,,,,,5.1935798114,1.252531519,
FTGC,4,,B,,,,,,,,,,,,,,,,,,5.4384133931,1.209104218,
FTGC,5,,B,,,,,,,,,,,,,,,,,,5.6591063294,1.3064563852,
FTGC,6,,B,,,,,,,,,,,,,,,,,,5.1554919163,1.2149054214,
FTGC,7,,B,,,,,,,,,,,,,,,,,,5.5871913265,1.2959285714,
FTGC,8,,B,,,,,,,,,,,,,,,,,,5.2462598674,1.2474505246,
FTGC,9,,B,,,,,,,,,,,,,,,,,,5.4423438477,1.3191642964,
FTGC,10,,B,,,,,,,,,,,,,,,,,,5.4198857867,1.2472748076,
FTGC,11,,B,,,,,,,,,,,,,,,,,,5.1572088706,1.168029317,
FTGC,12,,B,,,,,,,,,,,,,,,,,,5.7923291556,1.325908866,
FTGC,13,,B,,,,,,,,,,,,,,,,,,5.1530191088,1.2206433519,
FTGC,14,,B,,,,,,,,,,,,,,,,,,5.0517927067,1.2347214959,
GC,1,F,B,1,1.3,1.3,1.4,1.3,1.45,1.3,1.3,1.4,1.25,1.25,,,,,3.73,,6.1533376289,1.3505541237,1
GC,2,F,B,1,1.5,1.55,0.155,1.6,1.45,1.5,1.6,1.6,1.5,1.5,,,,,4.758,,5.1765025641,1.2055205128,1
GC,3,,B,,,,,,,,,,,,,,,,,,5.4537503286,1.2267566216,
GC,4,F,B,1,0.7,0.8,0.65,0.75,0.8,0.9,0.8,0.8,0.8,0.65,,,,,0.772,,5.6000831242,1.2800522204,1
GC,5,,B,,,,,,,,,,,,,,,,,,5.5194745924,1.3236415475,
GC,6,,B,,,,,,,,,,,,,,,,,,5.2113505155,1.2783608247,
GC,7,M,B,1,,,,,,,,,,,4,5,0.9,0.9,0.391,,4.928291731,1.0714633742,1
GC,8,,B,,,,,,,,,,,,,,,,,,5.0666940167,1.0871783695,
GC,9,M,B,1,,,,,,,,,,,6.3,6.3,1.7,1.5,0.309,,5.2067814963,1.2231277573,1
GC,10,M,B,1,,,,,,,,,,,7.6,5.4,1.3,1.5,0.869,,6.1705257732,1.3816829897,1
GC,11,,B,,,,,,,,,,,,,,,,,,5.3607410256,1.2666769231,
GC,12,F,B,1,1.5,1.5,1.6,1.7,1.6,1.5,1.6,1.5,1.7,1.45,,,,,4.495,,5.9593688545,1.3948069463,1
GC,13,F,B,1,1.5,1.45,1.35,1.3,1.3,1.4,1.6,1.35,1.4,1.4,,,,,4.742,,4.3518286119,1.0526545354,1
GC,14,F,B,1,1.4,1.3,1.3,1.4,1.2,1.3,1.3,1.3,1.3,1.4,,,,,3.641,,5.6563200561,1.3498461665,1
GC,15,M,B,1,,,,,,,,,,,7.5,7.7,1.35,1.5,1.059,,4.6900400768,1.0463911548,1
GC,16,M,B,1,,,,,,,,,,,5.4,4.9,1.2,1.45,0.615,,6.1175750309,1.3826354256,1
GC,17,,B,,,,,,,,,,,,,,,,,,5.2892242268,1.0775180412,
GC,18,F,B,1,1.85,1.8,1.8,1.8,1.6,1.9,1.7,1.7,1.7,1.8,,,,,5.922,,6.1564365482,1.4366294416,1
GC,19,M,B,1,,,,,,,,,,,6,5,1.4,1.2,0.73,,5.2499808696,1.1783438678,1
GC,20,,B,,,,,,,,,,,,,,,,,,5.2716811719,1.2422111174,
GC,21,M,B,1,,,,,,,,,,,6.2,4.9,1.5,1.2,0.718,,5.9538999182,1.307783427,1
GC,22,,B,,,,,,,,,,,,,,,,,,5.1804025641,1.1541307692,
GC,23,,B,,,,,,,,,,,,,,,,,,5.4223458674,1.2307534519,
GC,24,M,B,1,,,,,,,,,,,6.2,5.6,1.5,1.2,0.77,,5.295895332,1.2582786577,1
GC,25,,B,,,,,,,,,,,,,,,,,,5.3664570605,1.2449228964,
GC,26,,B,,,,,,,,,,,,,,,,,,5.3813955618,1.2593945747,
GC,27,,B,,,,,,,,,,,,,,,,,,5.5040763359,1.198692112,
GC,28,F,B,1,1.5,1.4,1.6,1.55,1.55,1.5,1.4,1.4,1.35,1.7,,,,,4.28,,6.3981441597,1.4687830118,1
GC,29,,B,,,,,,,,,,,,,,,,,,5.9493521277,1.3229208863,
GC,30,F,B,1,0.9,0.8,0.75,0.7,0.9,0.8,0.9,0.75,0.7,0.9,,,,,0.832,,5.1693539218,1.1627804823,1
GC,31,M,B,1,,,,,,,,,,,6.8,7.5,1.3,1.4,0.767,,5.3666895674,1.1451399491,1
GC,32,M,B,1,,,,,,,,,,,4.5,5.5,1.4,1.3,0.797,,4.5865332014,1.1299709168,1
GC,33,F,B,1,1.3,1.35,1.6,1.4,1.4,1.4,1.4,1.4,1.45,1.5,,,,,3.708,,5.2907076923,1.2230769231,NA
GC,34,,B,,,,,,,,,,,,,,,,,,6.2076192527,1.3926058685,
GC,35,,B,,,,,,,,,,,,,,,,,,5.0969321567,1.1690928762,
GC,36,M,B,1,,,,,,,,,,,4.8,6.7,1.1,1.5,1.005,,6.0673286976,1.3153441433,1
GC,37,,B,,,,,,,,,,,,,,,,,,5.4440450614,1.2705706506,
GC,38,M,B,1,,,,,,,,,,,8,7,2,1.5,1.238,,6.2768527132,1.3876175711,1
GC,39,,B,,,,,,,,,,,,,,,,,,5.3047709428,1.3978033106,
GC,40,F,B,1,1.8,1.6,1.7,1.7,1.6,1.7,1.6,1.6,1.7,1.6,,,,,5.652,,6.1544490939,1.4627883245,1
GC,41,,B,,,,,,,,,,,,,,,,,,6.3305744662,1.4326972135,
GC,42,,B,,,,,,,,,,,,,,,,,,5.181117099,1.2231506027,
GC,43,,B,,,,,,,,,,,,,,,,,,5.712974516,1.3019723331,
GC,44,,B,,,,,,,,,,,,,,,,,,5.5763258566,1.4232203112,
GC,45,F,B,1,0.8,0.8,0.9,0.8,0.8,0.8,0.9,0.85,0.9,0.95,,,,,0.92,,5.469990719,1.2389128462,1
GC,46,,B,,,,,,,,,,,,,,,,,,5.0876988757,1.1436776452,
GC,47,,B,,,,,,,,,,,,,,,,,,6.2278397933,1.3914333181,
GC,48,,B,,,,,,,,,,,,,,,,,,4.9371992753,1.163859688,
GC,49,,B,,,,,,,,,,,,,,,,,,5.3487152797,1.3187906042,
GC,50,,B,,,,,,,,,,,,,,,,,,5.0542951093,1.159024961,
GC,51,,B,,,,,,,,,,,,,,,,,,5.5408301891,1.2539884346,
LN,1,M,B,1,,,,,,,,,,,5.1,5.9,1.3,1.5,0.783,,5.4895893499,1.2770558585,1
LN,2,M,B,1,,,,,,,,,,,4.3,4.5,1.3,1.2,0.539,,5.2864732367,1.2461155041,1
LN,3,M,B,1,,,,,,,,,,,7,7.4,1.4,1.5,0.785,,5.2914374202,1.1921670777,1
LN,4,M,B,1,,,,,,,,,,,8.2,7.5,1.6,1.5,1.225,,5.6655702148,1.315790958,1
LN,5,M,B,1,,,,,,,,,,,5.7,8,1.4,1.3,1.183,,5.2929898219,1.1988625954,1
LN,6,M,B,1,,,,,,,,,,,7,5.6,1.05,0.9,0.425,,5.4634783715,1.2520025445,1
LN,7,M,B,1,,,,,,,,,,,6.6,5.9,1.2,1.1,0.623,,5.0994498085,1.2306471544,1
LN,8,M,B,1,,,,,,,,,,,6,6.1,1,1,0.414,,5.7753881016,1.2771619876,1
LN,9,M,B,1,,,,,,,,,,,6.5,6.5,1.2,1,0.797,,5.4919079413,1.2922679302,1
LN,10,M,B,1,,,,,,,,,,,NA,NA,NA,NA,0.883,torn,5.2672139365,1.279123128,1
LN,11,M,B,1,,,,,,,,,,,7,6.1,1.2,1.1,0.873,,5.3289152794,1.263078702,1
LN,12,M,B,1,,,,,,,,,,,7,6.8,1.6,1,0.752,,5.3532634612,1.2079421402,1
LN,13,F,B,1,1,0.9,0.9,1,0.95,0.95,0.9,0.9,0.9,0.7,,,,,1.499,,5.5707168502,1.2013785874,1
LN,14,M,B,1,,,,,,,,,,,6.4,5.3,1.4,1.4,0.786,,5.8429134544,1.3338341612,1
LN,15,M,B,1,,,,,,,,,,,6.5,6.7,1.6,1.6,0.911,,5.4391302025,1.2533618652,1
LN,16,M,B,1,,,,,,,,,,,5.4,4.7,1.3,1.6,1.123,,5.3708230769,1.262125641,1
LN,17,M,B,1,,,,,,,,,,,6.8,5.9,1.5,1.6,1.068,,5.0605159958,1.144533864,1
LN,18,M,B,1,,,,,,,,,,,6.2,7.2,1.2,1.4,0.802,,5.2538870599,1.223136724,1
LN,19,M,B,1,,,,,,,,,,,6.4,7,1.4,1.2,0.933,,4.8886030534,1.1623384224,1
LN,20,M,B,1,,,,,,,,,,,4.6,6.4,1.4,1.4,0.781,,5.452570437,1.2136950891,1
LN,21,M,B,1,,,,,,,,,,,6.7,3.8,1.1,1.6,0.873,,5.4059641026,1.2154820513,1
LN,22,M,B,1,,,,,,,,,,,6,6,1,1.1,0.577,,5.3158778626,1.1909363868,1
LN,23,M,B,1,,,,,,,,,,,4.7,6.1,0.95,1.1,0.465,,5.0394577603,1.1388418818,1
LN,24,M,B,1,,,,,,,,,,,6,6.8,1.3,1.3,0.948,,5.0540936197,1.1464314465,1
LN,25,M,B,1,,,,,,,,,,,6.6,6.4,1,1.15,0.697,,5.4960179487,1.282125641,1
LN,26,M,B,1,,,,,,,,,,,4.6,6,1.1,0.9,0.578,,4.9642247475,1.1216212121,NA
LN,27,M,B,1,,,,,,,,,,,7.2,5.6,1.7,1.2,0.64,,5.4521620527,1.1921670777,NA
LN,28,M,B,1,,,,,,,,,,,5.5,5.5,1.5,1.3,0.763,,4.9168829517,1.1844122137,NA
LN,29,M,B,1,,,,,,,,,,,,,,,,,5.4493810447,1.2467077936,2
LN,30,M,B,1,,,,,,,,,,,,,,,,,4.7607420657,1.0693542929,2
MB,1,,B,,,,,,,,,,,,,,,,,,6.2310426485,1.287062805,
MB,2,,B,,,,,,,,,,,,,,,,,,5.1828356545,1.1552424703,
MB,3,,B,,,,,,,,,,,,,,,,,,6.0567290212,1.2628773247,
MB,4,,B,,,,,,,,,,,,,,,,,,6.3429756882,1.3854478917,
MB,5,,B,,,,,,,,,,,,,,,,,,5.7186342778,1.2064039634,
MB,6,,B,,,,,,,,,,,,,,,,,,5.0218854982,1.1633823171,
MB,7,,B,,,,,,,,,,,,,,,,,,5.8817036307,1.2985033862,
MB,8,,B,,,,,,,,,,,,,,,,,,4.9978405885,1.042744612,
MB,9,,B,,,,,,,,,,,,,,,,,,5.1018158085,1.1401762197,
MB,10,,B,,,,,,,,,,,,,,,,,,5.4902200717,1.2589280304,
MB,11,,B,,,,,,,,,,,,,,,,,,5.4168014732,1.2587305657,
MB,12,,B,,,,,,,,,,,,,,,,,,5.6397135945,1.2659203528,
MB,13,,B,,,,,,,,,,,,,,,,,,5.5071028761,1.2182212887,
MB,14,,B,,,,,,,,,,,,,,,,,,5.7736347282,1.3900536865,
MB,15,,B,,,,,,,,,,,,,,,,,,5.9180858255,1.2801682944,
MB,16,,B,,,,,,,,,,,,,,,,,,6.1503698713,1.4361219111,
MB,17,,B,,,,,,,,,,,,,,,,,,4.9934741784,1.1690985915,
MB,18,,B,,,,,,,,,,,,,,,,,,5.2188676188,1.1527719266,
MB,19,,B,,,,,,,,,,,,,,,,,,6.0371841274,1.3452335685,
MB,20,,B,,,,,,,,,,,,,,,,,,4.0423224478,0.9448396818,
MB,21,,B,,,,,,,,,,,,,,,,,,4.8356357492,1.0697807921,
MB,22,,B,,,,,,,,,,,,,,,,,,5.6374731935,1.3077109557,
MB,23,,B,,,,,,,,,,,,,,,,,,5.3852703963,1.2517668998,
MB,24,,B,,,,,,,,,,,,,,,,,,5.2909769003,1.1842917415,
MB,25,,B,,,,,,,,,,,,,,,,,,5.4200150058,1.2722476979,
MB,26,,B,,,,,,,,,,,,,,,,,,6.2603643877,1.370245691,
MB,27,,B,,,,,,,,,,,,,,,,,,4.6056805556,1.0696481481,
MB,28,,B,,,,,,,,,,,,,,,,,,4.5969072451,1.0347142176,
MB,29,,B,,,,,,,,,,,,,,,,,,4.9060676753,1.1299201994,
MB,30,,B,,,,,,,,,,,,,,,,,,4.7622843451,1.0489415955,
MB,31,,B,,,,,,,,,,,,,,,,,,4.9221778911,1.174651708,
MB,32,,B,,,,,,,,,,,,,,,,,,4.6841361502,1.0987957746,
MB,33,,B,,,,,,,,,,,,,,,,,,5.3204993346,1.2837347504,
MB,34,,B,,,,,,,,,,,,,,,,,,5.5932392247,1.1928259022,
MB,35,,B,,,,,,,,,,,,,,,,,,5.1413262911,1.1411924883,
MB,36,,B,,,,,,,,,,,,,,,,,,4.1701114155,0.8937072558,
MB,37,,B,,,,,,,,,,,,,,,,,,5.338062914,1.1553532281,
MB,38,,B,,,,,,,,,,,,,,,,,,5.3141217425,1.2023263617,
MH,1,,C,,,,,,,,,,,,,,,,,,4.1287981929,0.8973875766,
MH,2,,C,,,,,,,,,,,,,,,,,,5.0050279344,1.0819930209,
MH,3,,C,,,,,,,,,,,,,,,,,,4.9463408977,1.020618291,
MH,4,,C,,,,,,,,,,,,,,,,,,3.2251410256,0.7384615385,
MH,5,F,C,1,,,,,,,,,,,,,,,,,4.3078713793,1.0466457802,2
MH,6,,C,,,,,,,,,,,,,,,,,,3.545360378,0.8052310004,
MH,7,F,C,1,,,,,,,,,,,,,,,,,3.9015313249,0.9073208862,1
MH,8,,C,,,,,,,,,,,,,,,,,,4.0444812538,0.9636772063,
MH,9,F,C,1,,,,,,,,,,,,,,,,,4.3035695059,1.0389225855,1
MH,10,F,C,1,,,,,,,,,,,,,,,,,4.5833480761,1.0261242343,1
MH,11,M,C,1,,,,,,,,,,,,,,,,,3.8120480562,0.8898584188,1
MH,12,,C,,,,,,,,,,,,,,,,,,4.3668469204,0.8603967994,
MH,13,,C,,,,,,,,,,,,,,,,,,4.2502331606,0.9794948187,
MH,14,,C,,,,,,,,,,,,,,,,,,4.2021196551,0.9920686865,
MH,15,,C,,,,,,,,,,,,,,,,,,4.8413164779,1.061854873,
MH,16,M,C,1,,,,,,,,,,,,,,,,,4.5613906717,1.0784532977,1
MH,17,,C,,,,,,,,,,,,,,,,,,4.131184527,0.9130717915,
MH,18,,C,,,,,,,,,,,,,,,,,,4.6877179487,1.047674359,
MH,19,F,C,1,,,,,,,,,,,,,,,,,4.5510519096,0.9384623274,1
MH,20,M,C,1,,,,,,,,,,,,,,,,,4.1137416698,0.9555001211,2
MH,21,M,C,1,,,,,,,,,,,,,,,,,4.1706209244,0.9484194931,1
MH,22,M,C,1,,,,,,,,,,,,,,,,,4.5964202623,1.03347856,1
MH,23,,C,,,,,,,,,,,,,,,,,,4.2618294912,0.9301935024,
MH,24,,C,,,,,,,,,,,,,,,,,,5.0159869745,1.169315778,
MH,25,,C,,,,,,,,,,,,,,,,,,4.1854694171,0.9128652197,
MH,26,F,C,1,,,,,,,,,,,,,,,,,5.1656672944,1.2300841206,1
MH,27,,C,,,,,,,,,,,,,,,,,,4.417696792,0.9396639681,
MH,28,F,C,1,,,,,,,,,,,,,,,,,4.2059928004,0.9642969984,2
MH,29,M,C,1,,,,,,,,,,,,,,,,,4.1399679419,0.9436948197,2
MH,30,,C,,,,,,,,,,,,,,,,,,4.2862128205,0.9540666667,
MH,31,F,C,1,,,,,,,,,,,,,,,,,4.2312406251,0.9230804733,2
MH,32,,C,,,,,,,,,,,,,,,,,,3.719925641,0.8221128205,
MH,33,,C,,,,,,,,,,,,,,,,,,4.7389307692,1.1230897436,
MH,34,,C,,,,,,,,,,,,,,,,,,3.8317126677,0.8879444926,
MH,35,M,C,1,,,,,,,,,,,,,,,,,3.9026340206,0.9433556701,2
MH,36,M,C,1,,,,,,,,,,,,,,,,,3.8959769231,0.9180051282,2
MH,37,,C,,,,,,,,,,,,,,,,,,4.2906801753,0.9861750917,
MH,38,,C,,,,,,,,,,,,,,,,,,3.4838348226,0.8923552262,
MH,39,,C,,,,,,,,,,,,,,,,,,4.449651422,1.0160796897,
MH,40,,C,,,,,,,,,,,,,,,,,,4.7428206205,1.1494326338,
MH,41,,C,,,,,,,,,,,,,,,,,,4.128939211,0.9698426495,
MH,42,,C,,,,,,,,,,,,,,,,,,4.2911153846,0.9510564103,
MH,43,,C,,,,,,,,,,,,,,,,,,4.3437312522,1.0261481979,
MR,1,M,C,1,,,,,,,,,,,,,,,,,5.0496937432,1.1631777897,1
MR,2,F,C,1,,,,,,,,,,,,,,,,,5.279466626,1.2356092114,1
MR,3,F,C,1,,,,,,,,,,,,,,,,,4.8786317501,1.0999711912,1
MR,4,M,C,1,,,,,,,,,,,,,,,,,5.1795429167,1.1862213133,1
MR,5,,C,,,,,,,,,,,,,,,,,,5.578518023,1.2481213494,
MR,6,,C,,,,,,,,,,,,,,,,,,4.8668064936,1.1007230212,
MR,7,F,C,1,,,,,,,,,,,,,,,,,6.223965807,1.4401162145,1
MR,8,F,C,1,,,,,,,,,,,,,,,,,5.5023162592,1.2043578762,1
MR,9,M,C,1,,,,,,,,,,,,,,,,,5.0501083814,1.2405027385,1
MR,10,F,C,1,,,,,,,,,,,,,,,,,5.1620719648,1.2212500236,1
MR,11,,C,,,,,,,,,,,,,,,,,,4.0513547448,0.8523873784,
MR,12,,C,,,,,,,,,,,,,,,,,,4.1615685777,0.8804484065,
MR,13,,C,,,,,,,,,,,,,,,,,,4.5122097786,0.9397926345,
MR,14,M,C,1,,,,,,,,,,,,,,,,,5.1571910751,1.1409274203,1
MR,15,M,C,1,,,,,,,,,,,,,,,,,5.0920850758,1.1276302507,1
MR,16,,C,,,,,,,,,,,,,,,,,,3.8240023474,0.8311056338,
MR,17,F,C,1,,,,,,,,,,,,,,,,,5.6132112676,1.2117793427,1
MR,18,M,C,1,,,,,,,,,,,,,,,,,5.4930426313,1.2466985062,1
MR,19,,C,,,,,,,,,,,,,,,,,,3.4860038825,0.8240421022,
MR,20,,C,,,,,,,,,,,,,,,,,,4.5595976784,0.9370410946,
MR,21,,C,,,,,,,,,,,,,,,,,,4.6617082657,0.9859909721,
MR,22,,C,,,,,,,,,,,,,,,,,,5.8203096927,1.3623664303,
MR,23,,C,,,,,,,,,,,,,,,,,,5.093463357,1.163141844,
MR,24,,C,,,,,,,,,,,,,,,,,,5.0498250591,1.1419314421,
MR,25,,C,,,,,,,,,,,,,,,,,,4.8951016548,1.1419314421,
MR,26,,C,,,,,,,,,,,,,,,,,,5.439884542,1.2132521377,
MR,27,,C,,,,,,,,,,,,,,,,,,5.3900756501,1.1986028369,
MR,28,,C,,,,,,,,,,,,,,,,,,4.4748576278,0.9576583115,
MR,29,,C,,,,,,,,,,,,,,,,,,4.7071390175,1.1234263904,
MR,30,,C,,,,,,,,,,,,,,,,,,4.795088071,1.0709177776,
MR,31,,C,,,,,,,,,,,,,,,,,,4.9996170602,1.1789132547,
MR,32,,C,,,,,,,,,,,,,,,,,,4.7317351085,1.120739177,
MR,33,,C,,,,,,,,,,,,,,,,,,5.4015632924,1.3075967058,
MR,34,,C,,,,,,,,,,,,,,,,,,5.5976133008,1.1915434823,
MR,35,,C,,,,,,,,,,,,,,,,,,5.2907182083,1.1864868762,
MR,36,,C,,,,,,,,,,,,,,,,,,4.241141844,0.8938699764,
MR,37,,C,,,,,,,,,,,,,,,,,,5.4786819445,1.1886878248,
MR,38,,C,,,,,,,,,,,,,,,,,,3.8870956007,0.845614241,
MR,39,,C,,,,,,,,,,,,,,,,,,3.8095274118,0.7738427606,
MR,40,,C,,,,,,,,,,,,,,,,,,5.1429787234,1.2728463357,
MR,41,,C,,,,,,,,,,,,,,,,,,4.1101011558,0.8936221517,
MR,42,,C,,,,,,,,,,,,,,,,,,5.8521681365,1.3949710219,
MR,43,,C,,,,,,,,,,,,,,,,,,4.3973049645,0.9361962175,
MR,44,,C,,,,,,,,,,,,,,,,,,4.2557422226,0.9296590933,
MR,45,,C,,,,,,,,,,,,,,,,,,4.8048112224,1.028561905,
MR,46,,C,,,,,,,,,,,,,,,,,,4.0605043368,0.8317041401,
MR,47,F,C,1,,,,,,,,,,,,,,,,,5.2065149997,1.1678259248,1
MR,48,,C,,,,,,,,,,,,,,,,,,4.2373531658,0.8865017695,
MR,49,,C,,,,,,,,,,,,,,,,,,4.0915058275,0.8531468531,
MR,50,,C,,,,,,,,,,,,,,,,,,3.7953481115,0.8227043741,
MR,51,,C,,,,,,,,,,,,,,,,,,5.2657529138,1.1708438228,
MR,52,,C,,,,,,,,,,,,,,,,,,3.4766749479,0.737820978,
MR,53,F,C,1,,,,,,,,,,,,,,,,,5.9595282392,1.2694705339,1
MR,54,,C,,,,,,,,,,,,,,,,,,3.7879134935,0.7815487157,
MR,55,,C,,,,,,,,,,,,,,,,,,4.9813478995,1.029010988,
MR,56,,C,,,,,,,,,,,,,,,,,,4.9643204191,1.1139911089,
MR,57,M,C,1,,,,,,,,,,,,,,,,,5.6604641664,1.2579323069,1
MR,58,M,C,1,,,,,,,,,,,,,,,,,5.5532838354,1.2535075385,1
MR,59,,C,,,,,,,,,,,,,,,,,,5.1998957849,1.1267363312,
MR,60,,C,,,,,,,,,,,,,,,,,,4.2243239437,0.9577464789,
MR,61,,C,,,,,,,,,,,,,,,,,,3.6563061858,0.8028621591,
MR,62,,C,,,,,,,,,,,,,,,,,,3.2860235753,0.7551119335,
MR,63,,C,,,,,,,,,,,,,,,,,,4.337960913,0.9719152447,
MR,64,,C,,,,,,,,,,,,,,,,,,3.3802113407,0.683176776,
MR,65,,C,,,,,,,,,,,,,,,,,,4.0283896714,0.8880234742,
MR,66,,C,,,,,,,,,,,,,,,,,,4.7066059066,0.9300738911,
MR,67,,C,,,,,,,,,,,,,,,,,,4.7142981221,0.9859413146,
MR,68,,C,,,,,,,,,,,,,,,,,,4.5557302292,0.9503559009,
MR,69,,C,,,,,,,,,,,,,,,,,,3.7306837093,0.8181017243,
PP,1,,W,1,,,,,,,,,,,,,,,,,3.9276231263,0.6423982869,
PP2014,1,,W,,,,,,,,,,,,,,,,,,3.6782132926,0.8140126436,
PP2014,2,,W,,,,,,,,,,,,,,,,,,3.6453069283,0.8244313167,
PP2014,3,,W,,,,,,,,,,,,,,,,,,3.9696567993,0.9415956206,
PP2014,4,,W,,,,,,,,,,,,,,,,,,4.232435149,0.9484980864,
PP2014,5,,W,,,,,,,,,,,,,,,,,,4.0862230769,0.9416076923,
PP2014,6,,W,,,,,,,,,,,,,,,,,,3.3629149485,0.8041907216,
PP2014,7,,W,,,,,,,,,,,,,,,,,,3.7279546352,0.8397388241,
PP2014,8,,W,,,,,,,,,,,,,,,,,,4.3094035804,0.9222767912,
PP2014,9,,W,,,,,,,,,,,,,,,,,,4.1641747998,0.9859758453,
PP2014,10,,W,,,,,,,,,,,,,,,,,,3.9588518096,0.8700632043,
PP2014,11,,W,,,,,,,,,,,,,,,,,,3.8363680181,0.8746429908,
PP2014,12,,W,,,,,,,,,,,,,,,,,,3.8631071429,0.903119898,
PP2014,13,,W,,,,,,,,,,,,,,,,,,4.0732902927,0.9123748405,
PP2014,14,,W,,,,,,,,,,,,,,,,,,3.5327957334,0.8932988039,
PP2014,15,,W,,,,,,,,,,,,,,,,,,3.6211726804,0.8041391753,
PP2014,16,,W,,,,,,,,,,,,,,,,,,4.1168264249,0.9171580311,
PP2014,17,,W,,,,,,,,,,,,,,,,,,3.9766422834,0.9538512029,
PP2014,18,,W,,,,,,,,,,,,,,,,,,5.2037973872,1.1950667299,
PP2014,19,,W,,,,,,,,,,,,,,,,,,4.2884757888,0.9560082563,
PP2014,20,,W,,,,,,,,,,,,,,,,,,3.9069282051,0.8874153846,
PP2014,21,,W,,,,,,,,,,,,,,,,,,4.1513552102,0.9404826027,
PP2014,22,,W,,,,,,,,,,,,,,,,,,4.0009717425,0.9190582046,
PP2014,23,,W,,,,,,,,,,,,,,,,,,4.1416760093,0.9022847644,
PP2014,24,,W,,,,,,,,,,,,,,,,,,3.7998487179,0.8822897436,
PP2014,25,,W,,,,,,,,,,,,,,,,,,4.2542196446,0.9794472605,
PP2014,26,,W,,,,,,,,,,,,,,,,,,3.7538057204,0.882411764,
PP2014,27,,W,,,,,,,,,,,,,,,,,,3.4716150565,0.7889202459,
PP2014,28,,W,,,,,,,,,,,,,,,,,,3.6666222228,0.8667914514,
PP2014,29,,W,,,,,,,,,,,,,,,,,,3.8055768516,0.9242189203,
PP2014,30,,W,,,,,,,,,,,,,,,,,,4.0906972848,0.9124908184,
PP2014,31,,W,,,,,,,,,,,,,,,,,,3.8817216495,0.8866134021,
PP2014,32,,W,,,,,,,,,,,,,,,,,,4.051702942,0.9695519388,
PP2014,33,,W,,,,,,,,,,,,,,,,,,4.015199229,0.9103972209,
PP2014,34,,W,,,,,,,,,,,,,,,,,,4.059676158,0.9129395777,
PP2014,35,,W,,,,,,,,,,,,,,,,,,3.9031333333,0.8719307692,
PP2014,36,,W,,,,,,,,,,,,,,,,,,3.8780964347,0.8798451302,
PP2014,37,,W,,,,,,,,,,,,,,,,,,4.3830025641,0.9615692308,
PP2014,38,,W,,,,,,,,,,,,,,,,,,4.223973607,1.0151139183,
PP2014,39,,W,,,,,,,,,,,,,,,,,,5.4660415918,1.3256245366,
PP2014,40,,W,,,,,,,,,,,,,,,,,,4.5900627056,1.0388945012,
PP2014,41,,W,,,,,,,,,,,,,,,,,,4.374984185,0.9450568177,
PP2014,42,,W,,,,,,,,,,,,,,,,,,4.2263471878,0.9689985971,
PP2014,43,,W,,,,,,,,,,,,,,,,,,4.2242196953,0.9382421098,
PP2014,44,,W,,,,,,,,,,,,,,,,,,4.1308086947,0.9604697712,
PP2014,45,,W,,,,,,,,,,,,,,,,,,4.1670213257,0.9384764874,
PP2014,46,,W,,,,,,,,,,,,,,,,,,3.784043207,0.8989536785,
PQ2014,1,,C,,,,,,,,,,,,,,,,,,5.0492019465,1.1898029197,
PQ2014,2,,C,,,,,,,,,,,,,,,,,,5.4379663805,1.3065538392,
PQ2014,3,,C,,,,,,,,,,,,,,,,,,4.8364822257,1.1473491889,
PQ2014,4,,C,,,,,,,,,,,,,,,,,,6.0544901961,1.4117647059,
PQ2014,5,,C,,,,,,,,,,,,,,,,,,3.9416739659,0.9350194647,
PQ2014,6,,C,,,,,,,,,,,,,,,,,,3.2856663336,0.7825097924,
PQ2014,7,,C,,,,,,,,,,,,,,,,,,5.6785297664,1.3087657213,
PQ2014,8,,C,,,,,,,,,,,,,,,,,,3.4404122137,0.8455394402,
PQ2014,9,,C,,,,,,,,,,,,,,,,,,3.485656431,0.9081920006,
PQ2014,10,,C,,,,,,,,,,,,,,,,,,5.1329901235,1.1115061728,
PQ2014,11,,C,,,,,,,,,,,,,,,,,,4.1849188205,1.0079564976,
PQ2014,12,,C,,,,,,,,,,,,,,,,,,4.6572992128,1.0442378763,
PQ2014,13,,C,,,,,,,,,,,,,,,,,,3.3551948718,0.8231128205,
PQ2014,14,,C,,,,,,,,,,,,,,,,,,3.5170333333,0.8474128205,
PQ2014,15,,C,,,,,,,,,,,,,,,,,,3.6180206718,0.8992583979,
PQ2014,16,,C,,,,,,,,,,,,,,,,,,4.9195340322,1.1029359503,
PQ2014,17,,C,,,,,,,,,,,,,,,,,,5.2280526751,1.2281065952,
PQ2014,18,,C,,,,,,,,,,,,,,,,,,5.1447573529,1.1471519608,
PQ2014,19,,C,,,,,,,,,,,,,,,,,,4.9645547445,1.1252481752,
PQ2014,20,,C,,,,,,,,,,,,,,,,,,4.8254796051,1.0735141308,
PQ2014,21,,C,,,,,,,,,,,,,,,,,,4.6202279412,1.0811078431,
PQ2014,22,,C,,,,,,,,,,,,,,,,,,3.8411862446,0.8539887855,
PQ2014,23,,C,,,,,,,,,,,,,,,,,,5.3823970588,1.1691176471,
PQ2014,24,,C,,,,,,,,,,,,,,,,,,3.7894504751,0.9999128308,
PQ2014,25,,C,,,,,,,,,,,,,,,,,,4.6397915742,1.0073527429,
PQ2014,26,,C,,,,,,,,,,,,,,,,,,5.8127087906,1.3630074245,
PQ2014,27,,C,,,,,,,,,,,,,,,,,,4.6225204082,1.0869260204,
PQ2014,28,,C,,,,,,,,,,,,,,,,,,3.4769326922,0.8520911723,
PQ2014,29,,C,,,,,,,,,,,,,,,,,,5.2314901906,1.2022963466,
PQ2014,30,,C,,,,,,,,,,,,,,,,,,5.3027619834,1.2044826472,
PR,1,,B,,,,,,,,,,,,,,,,,,5.6126807512,1.3451431925,
PR,2,,B,,,,,,,,,,,,,,,,,,5.1205385741,1.1779535414,
PR,3,,B,,,,,,,,,,,,,,,,,,5.6639756413,1.327135701,
PR,4,,B,,,,,,,,,,,,,,,,,,4.5069380952,1.0643095238,
PR,5,,B,,,,,,,,,,,,,,,,,,5.1819716312,1.1844822695,
PR,6,,B,,,,,,,,,,,,,,,,,,4.3640070922,1.0073167849,
PR,7,,B,,,,,,,,,,,,,,,,,,5.1128538934,1.2678264176,
PR,8,,B,,,,,,,,,,,,,,,,,,4.8112255317,1.1339707191,
PR,9,,B,,,,,,,,,,,,,,,,,,5.454993007,1.2580606061,
PR,10,,B,,,,,,,,,,,,,,,,,,6.0511552588,1.3102477147,
PR,11,,B,,,,,,,,,,,,,,,,,,5.2336285714,1.1787666667,
PR,12,,B,,,,,,,,,,,,,,,,,,5.7054804721,1.3058738425,
PR,13,,B,,,,,,,,,,,,,,,,,,4.9740125854,1.2001590435,
PR,14,,B,,,,,,,,,,,,,,,,,,5.8050774648,1.353286385,
PR,15,,B,,,,,,,,,,,,,,,,,,5.429660267,1.2394844265,
PR,16,,B,,,,,,,,,,,,,,,,,,5.0600643826,1.0725792728,
PR,17,,B,,,,,,,,,,,,,,,,,,5.3519818573,1.2167433491,
PR,18,,B,,,,,,,,,,,,,,,,,,5.6430436884,1.2533169223,
PR,19,,B,,,,,,,,,,,,,,,,,,5.4541291187,1.2887765809,
PR,20,,B,,,,,,,,,,,,,,,,,,5.2126729565,1.2132521377,
PR,21,,B,,,,,,,,,,,,,,,,,,5.7751161355,1.359192603,
PR,22,,B,,,,,,,,,,,,,,,,,,5.0139550387,1.1762161071,
PR,23,,B,,,,,,,,,,,,,,,,,,5.5563072315,1.2397238569,
PR,24,,B,,,,,,,,,,,,,,,,,,4.9646193853,1.2272789598,
PR,25,,B,,,,,,,,,,,,,,,,,,6.0515419221,1.3720426097,
PR,26,,B,,,,,,,,,,,,,,,,,,5.9148828313,1.3343338927,
PR,27,,B,,,,,,,,,,,,,,,,,,5.220532248,1.2468535966,
PR,28,,B,,,,,,,,,,,,,,,,,,5.1149946073,1.2071969544,
PR,29,,B,,,,,,,,,,,,,,,,,,4.5992216163,1.0287457366,
PR,30,,B,,,,,,,,,,,,,,,,,,5.4051620407,1.3194195896,
PR,31,,B,,,,,,,,,,,,,,,,,,5.5632871876,1.2396336511,
PR,32,,B,,,,,,,,,,,,,,,,,,5.7904801865,1.3833613054,
PR,33,,B,,,,,,,,,,,,,,,,,,5.4012244403,1.3197597729,
PR,34,,B,,,,,,,,,,,,,,,,,,5.6617771169,1.3048738685,
PR,35,,B,,,,,,,,,,,,,,,,,,5.3121502751,1.2707376404,
PR,36,,B,,,,,,,,,,,,,,,,,,5.3308905169,1.3065085174,
PR,37,,B,,,,,,,,,,,,,,,,,,4.8262861757,1.0916126579,
PR,38,,B,,,,,,,,,,,,,,,,,,5.5005446009,1.2254319249,
PR,39,,B,,,,,,,,,,,,,,,,,,5.2841737089,1.2396173709,
PR,40,,B,,,,,,,,,,,,,,,,,,4.5743704064,1.0228244656,
PR,41,,B,,,,,,,,,,,,,,,,,,5.0363417846,1.170340672,
PR,42,,B,,,,,,,,,,,,,,,,,,5.7188945825,1.3254258693,
PR,43,,B,,,,,,,,,,,,,,,,,,4.4412367527,1.0569252336,
PR,44,,B,,,,,,,,,,,,,,,,,,5.0294349434,1.2787165098,
PR,45,,B,,,,,,,,,,,,,,,,,,5.6666800627,1.3125025118,
PR,46,,B,,,,,,,,,,,,,,,,,,4.2907406878,0.9216607633,
PR,47,,B,,,,,,,,,,,,,,,,,,6.0606256008,1.3574790372,
PR,48,,B,,,,,,,,,,,,,,,,,,6.2672446043,1.4562446043,
PR,49,,B,,,,,,,,,,,,,,,,,,5.3212939661,1.242905543,
PR,50,,B,,,,,,,,,,,,,,,,,,5.9790291207,1.4021656576,
PR,51,,B,,,,,,,,,,,,,,,,,,5.3561519272,1.265286982,
PR,52,,B,,,,,,,,,,,,,,,,,,5.0945760017,1.2446226577,
PR,53,,B,,,,,,,,,,,,,,,,,,5.8966843871,1.4070178529,
PR,54,,B,,,,,,,,,,,,,,,,,,5.283555274,1.2553668817,
PR,55,,B,,,,,,,,,,,,,,,,,,5.8651004347,1.3050086168,
PR,56,,B,,,,,,,,,,,,,,,,,,5.0643340293,1.2071326703,
PR,57,,B,,,,,,,,,,,,,,,,,,4.4640334442,0.9567520468,
PR,58,,B,,,,,,,,,,,,,,,,,,4.723184168,1.0812588791,
PR,59,,B,,,,,,,,,,,,,,,,,,5.830940142,1.3465409239,
PR,60,,B,,,,,,,,,,,,,,,,,,5.6225005535,1.35792526,
PR,61,,B,,,,,,,,,,,,,,,,,,5.3502455888,1.2788569823,
PR,62,,B,,,,,,,,,,,,,,,,,,5.5110945626,1.3269243499,
PR,63,,B,,,,,,,,,,,,,,,,,,5.51695,1.3288785714,
PR,64,,B,,,,,,,,,,,,,,,,,,5.990519882,1.3084406376,
PR,65,,B,,,,,,,,,,,,,,,,,,5.5360095238,1.2858928571,
PR,66,,B,,,,,,,,,,,,,,,,,,5.144899061,1.2327159624,
PR,67,,B,,,,,,,,,,,,,,,,,,5.2754869238,1.1907722713,
PR,68,,B,,,,,,,,,,,,,,,,,,4.2599312875,1.0071426701,
PR,69,,B,,,,,,,,,,,,,,,,,,5.5642389516,1.2328648791,
PR,70,,B,,,,,,,,,,,,,,,,,,4.8298636716,1.0850681642,
PR,71,,B,,,,,,,,,,,,,,,,,,4.5492276021,0.9789489004,
PR,72,,B,,,,,,,,,,,,,,,,,,4.5065773456,1.0424708599,
PR,73,,B,,,,,,,,,,,,,,,,,,4.7938601986,1.1354330411,
PR,74,,B,,,,,,,,,,,,,,,,,,5.9817600015,1.3800329039,
PR,75,,B,,,,,,,,,,,,,,,,,,5.3332371971,1.1987395127,
PR,76,,B,,,,,,,,,,,,,,,,,,5.2560094364,1.2410298717,
PR,77,,B,,,,,,,,,,,,,,,,,,5.8428559949,1.3047464405,
PR,78,,B,,,,,,,,,,,,,,,,,,5.5236092991,1.3478832227,
PR,79,,B,,,,,,,,,,,,,,,,,,5.5243013122,1.2764848963,
PR,80,,B,,,,,,,,,,,,,,,,,,6.2214656283,1.4571213611,
PR,81,,B,,,,,,,,,,,,,,,,,,5.3549905437,1.248248227,
PR,82,,B,,,,,,,,,,,,,,,,,,4.7384268766,1.1196681491,
PR,83,,B,,,,,,,,,,,,,,,,,,5.7700753824,1.2482820895,
PR,84,,B,,,,,,,,,,,,,,,,,,5.0942229191,1.1904434393,
PR,85,,B,,,,,,,,,,,,,,,,,,4.848247619,1.1500214286,
PR,86,,B,,,,,,,,,,,,,,,,,,5.5525021964,1.2857591825,
PR,87,,B,,,,,,,,,,,,,,,,,,4.4832522086,1.0992858342,
PR,88,,B,,,,,,,,,,,,,,,,,,4.2906685642,1.0213493266,
PR,89,,B,,,,,,,,,,,,,,,,,,4.7513373345,1.1346364318,
PR,90,,B,,,,,,,,,,,,,,,,,,4.3214384331,1.0355752019,
PR,99,,B,,,,,,,,,,,,,,,,,,4.3403655039,0.9928598589,
RT,1,F,W,1,,,,,,,,,,,,,,,,,4.6251221037,1.0833082568,
RT,2,,W,,,,,,,,,,,,,,,,,,4.1163682247,0.9239656809,
RT,3,,W,,,,,,,,,,,,,,,,,,4.0772621741,0.8903550124,
RT,4,,W,,,,,,,,,,,,,,,,,,3.9993519929,0.9928626641,
RT,5,,W,,,,,,,,,,,,,,,,,,4.5315810912,1.0506787875,
RT,6,,W,,,,,,,,,,,,,,,,,,4.6224993837,1.1025926061,
RT,7,,W,,,,,,,,,,,,,,,,,,4.2856736111,1.0277777778,
RT,8,,W,,,,,,,,,,,,,,,,,,4.2535135258,1.0613977007,
RT,9,,W,,,,,,,,,,,,,,,,,,4.1242298851,1.0000942529,
RT,10,,W,,,,,,,,,,,,,,,,,,3.9944436782,0.9381586207,
RT,12,,W,,,,,,,,,,,,,,,,,,4.3194675926,0.9653773148,
RT,13,,W,,,,,,,,,,,,,,,,,,3.8773430496,0.8827659134,
RT,14,,W,,,,,,,,,,,,,,,,,,4.4528088795,1.0622688582,
RT,15,,W,,,,,,,,,,,,,,,,,,4.427946484,0.9862072136,
RT,16,,W,,,,,,,,,,,,,,,,,,3.7707386037,0.9730029195,
RT,17,,W,,,,,,,,,,,,,,,,,,4.3246385612,0.9656881433,
RT,18,,W,,,,,,,,,,,,,,,,,,4.8816291121,1.1937259982,
RT,19,,W,,,,,,,,,,,,,,,,,,4.3793366602,0.9516597286,
RT,20,M,W,1,,,,,,,,,,,,,,,,,4.2274890232,1.034458978,2
RT,21,M,W,1,,,,,,,,,,,,,,,,,4.1322487166,0.9652094009,2
RT,22,M,W,1,,,,,,,,,,,,,,,,,4.204170068,0.8911814059,2
RT,23,M,W,1,,,,,,,,,,,,,,,,,4.1653912011,1.0685555124,2
RT,24,,W,,,,,,,,,,,,,,,,,,4.2627691091,1.0205657181,
RT,25,,W,,,,,,,,,,,,,,,,,,4.7661272155,1.0898255213,
RT,26,,W,,,,,,,,,,,,,,,,,,4.0183896057,0.9804199451,
RT,27,,W,,,,,,,,,,,,,,,,,,4.449221857,1.0620445507,
RT,28,,W,,,,,,,,,,,,,,,,,,4.0106368064,0.8897063386,
RT,29,,W,,,,,,,,,,,,,,,,,,3.8806965828,0.9192535317,
RT,30,,W,,,,,,,,,,,,,,,,,,3.9411002046,0.9457115928,
RT,31,,W,,,,,,,,,,,,,,,,,,4.5698913532,1.0985205142,
RT,32,,W,,,,,,,,,,,,,,,,,,3.5701462621,0.933498222,
RT,33,,W,,,,,,,,,,,,,,,,,,4.1537285394,0.96534605,
RT,34,,W,,,,,,,,,,,,,,,,,,4.0208263889,0.9444699074,
RT,35,,W,,,,,,,,,,,,,,,,,,3.7035981735,0.8836689498,
RT,36,,W,,,,,,,,,,,,,,,,,,4.4163009977,1.0342457935,
RT,37,,W,,,,,,,,,,,,,,,,,,4.2013661447,0.9863822217,
RT,38,,W,,,,,,,,,,,,,,,,,,4.3554171497,0.9942898093,
RT,39,,W,,,,,,,,,,,,,,,,,,3.4544593875,0.7851947872,
RT,40,F,W,1,,,,,,,,,,,,,,,,,5.0207443507,1.1655111377,2
RT,41,,W,,,,,,,,,,,,,,,,,,4.3786226057,1.0564187189,
RT,42,M,W,1,,,,,,,,,,,,,,,,,4.1596527607,0.9174138035,2
RT,43,M,W,1,,,,,,,,,,,,,,,,,4.2562960837,0.9165713942,2
RT,44,,W,,,,,,,,,,,,,,,,,,4.6615514232,0.9583396985,
RT,45,,W,,,,,,,,,,,,,,,,,,4.6383416473,1.0482517643,
RT,46,F,W,1,,,,,,,,,,,,,,,,,4.2994189815,1.0000231481,2
RT,47,F,W,1,,,,,,,,,,,,,,,,,5.42305378,1.1664128639,1
RT,48,F,W,1,,,,,,,,,,,,,,,,,4.2765455049,1.072192413,2
RT,49,M,W,1,,,,,,,,,,,,,,,,,4.4894547913,0.9516701242,2
RT,50,F,W,1,,,,,,,,,,,,,,,,,4.7093770978,1.166824842,2
RT,51,,W,,,,,,,,,,,,,,,,,,4.5683351024,1.100725513,
RT,52,,W,,,,,,,,,,,,,,,,,,4.0641966388,0.9301531433,
RT,53,,W,,,,,,,,,,,,,,,,,,3.9532244898,0.9660816327,
RT,54,F,W,1,,,,,,,,,,,,,,,,,4.5457211639,1.0556213977,2
RT,55,F,W,1,,,,,,,,,,,,,,,,,4.1405798534,0.9448396818,2
RT,56,,W,,,,,,,,,,,,,,,,,,4.3515768863,0.9510267826,
RT,57,,W,,,,,,,,,,,,,,,,,,4.4661898148,1.1600555556,
RT,58,,W,,,,,,,,,,,,,,,,,,4.2237995338,1.0421701632,
RT,59,,W,,,,,,,,,,,,,,,,,,4.0818325225,0.9862318824,
RT,60,M,W,1,,,,,,,,,,,,,,,,,4.3268864165,0.9718406689,2
RT,61,,W,,,,,,,,,,,,,,,,,,4.2486480186,0.986013986,
RT,62,F,W,1,,,,,,,,,,,,,,,,,5.3011721083,1.2363034149,1
RT,63,,W,,,,,,,,,,,,,,,,,,3.2376937601,0.8321787371,
RT,64,,W,,,,,,,,,,,,,,,,,,3.5952028007,0.7554621692,
RT,65,,W,,,,,,,,,,,,,,,,,,3.9253263403,0.9580675991,
RT,66,,W,,,,,,,,,,,,,,,,,,3.8880962441,0.8239741784,
RT,67,,W,,,,,,,,,,,,,,,,,,4.4537485772,0.9478801676,
RT,68,,W,,,,,,,,,,,,,,,,,,4.6058648019,1.1086293706,
RT,69,,W,,,,,,,,,,,,,,,,,,4.0843827976,0.9538298307,
RT,70,,W,,,,,,,,,,,,,,,,,,4.1932116503,0.9795062182,
RT,71,,W,,,,,,,,,,,,,,,,,,4.0642313941,0.888804288,
RT,72,,W,,,,,,,,,,,,,,,,,,3.6006702494,0.7915515015,
RT,73,,W,,,,,,,,,,,,,,,,,,3.9419606481,0.9309699074,
RT,74,,W,,,,,,,,,,,,,,,,,,3.6826437048,0.8624290584,
RT,75,,W,,,,,,,,,,,,,,,,,,3.9926286548,1.0091961202,
SF2014,1,F,B,1,1.6,1.6,1.55,1.6,1.5,1.6,1.6,1.6,1.7,1.5,,,,,4.101,,5.4178366757,1.2714143201,1
SF2014,2,M,B,1,,,,,,,,,,,5.5,5,1.3,1.3,0.578,,3.9088428636,0.9357993005,2
SF2014,3,M,B,1,,,,,,,,,,,6.3,5.5,1.2,1.05,0.667,,4.2142928571,0.9142857143,2
SF2014,4,F,B,1,NA,NA,NA,NA,NA,NA,NA,NA,NA,NA,,,,,,eggs disintigrated,3.9264233556,0.8571489794,2
SF2014,5,F,B,1,1.4,1.4,1.55,1.3,1.5,1.55,1.5,1.55,1.5,1.5,,,,,3.08,,4.1480770742,0.9928573299,2
SF2014,6,,B,,,,,,,,,,,,,,,,,,3.0688549618,0.7865928753,
SF2014,7,M,B,1,,,,,,,,,,,3.2,4,1.3,1.3,0.47,,3.7943339535,0.8369782346,2
SF2014,8,,B,,,,,,,,,,,,,,,,,,3.5425140765,0.9582730788,
SF2014,9,,B,,,,,,,,,,,,,,,,,,4.6609599926,1.1027867777,
SF2014,10,F,B,1,1.4,1.4,1.45,1.5,1.45,1.4,1.3,1.45,1.4,1.5,,,,,2.799,,4.7870115348,1.149112795,2
SF2014,11,,B,,,,,,,,,,,,,,,,,,4.2340615385,1.0391410256,
SF2014,12,M,B,1,,,,,,,,,,,6.7,5.7,1.2,1.3,1.217,,4.7884822898,1.1304881315,1
SF2014,13,,B,,,,,,,,,,,,,,,,,,4.360325641,0.9897564103,
SF2014,14,,B,,,,,,,,,,,,,,,,,,4.2778631043,0.9539570006,
SF2014,15,,B,,,,,,,,,,,,,,,,,,4.6856194923,1.0361595914,
SF2014,16,,B,,,,,,,,,,,,,,,,,,4.1542429767,0.9032282877,
SF2014,17,,B,,,,,,,,,,,,,,,,,,4.1443391751,0.9404648658,
SF2014,18,,B,,,,,,,,,,,,,,,,,,4.0379174626,0.919095909,
SF2014,19,,B,,,,,,,,,,,,,,,,,,4.4907090935,1.0769220907,
SF2014,20,,B,,,,,,,,,,,,,,,,,,3.8298860831,0.88861369,
SF2014,21,,B,,,,,,,,,,,,,,,,,,4.1406760222,0.9124908184,
SF2014,22,F,B,1,1.5,1.5,1.5,1.5,1.4,1.4,1.4,1.5,1.4,1.5,,,,,2.863,,4.6615246614,0.9833617387,2
SF2014,23,M,B,1,,,,,,,,,,,4.6,4,1.4,1.2,0.526,,3.8667981083,0.9109470239,2
SF2014,24,M,B,1,,,,,,,,,,,5.8,6.1,1.4,1.2,0.697,,4.1595119237,0.9301935024,2
SF2014,25,M,B,1,,,,,,,,,,,4.3,4.9,1.3,1.3,0.616,,3.9965465612,0.9026909647,2
SF2014,26,,B,,,,,,,,,,,,,,,,,,4.1422589744,0.9200102564,
SF2014,27,F,B,1,1.4,1.1,1.2,1.5,1.3,1.4,1.3,1.4,1.3,1.45,,,,,2.613,,4.1914097433,1.0257176802,2
SF2014,28,F,B,1,1.3,1.25,1.4,1.5,1.4,1.4,1.4,1.5,1.4,1.5,,,,,2.886,,4.5850412174,1.1025627877,2
SF2014,29,M,B,1,,,,,,,,,,,5.1,6.2,1.2,1.3,0.622,,4.2176222421,0.9954461228,2
SF2014,30,F,B,1,1.4,1.3,1.4,1.3,1.3,1.5,1.3,1.5,1.3,NA,,,,,2.447,x9,4.1428102564,0.9795,2
SF2014,31,,B,,,,,,,,,,,,,,,,,,4.2542724965,0.9639592273,
SF2014,32,F,B,1,1.2,1.3,1.2,1,1,1,1.1,1.2,1,1.1,,,,,1.575,,4.2937819671,0.9595107205,2
SF2014,33,M,B,1,,,,,,,,,,,4.8,NA,1.4,NA,0.69,torn,4.2007994441,0.964391661,2
SF2014,34,,B,,,,,,,,,,,,,,,,,,4.2010686041,0.9612476004,
SF2014,35,,B,,,,,,,,,,,,,,,,,,4.2801375342,1.087305006,
SF2014,36,,B,,,,,,,,,,,,,,,,,,4.7040737755,1.1087356464,
SF2014,36A,,B,,,,,,,,,,,,,,,,,,3.6007097218,0.9002671713,
SF2014,37,,B,,,,,,,,,,,,,,,,,,3.5518098794,0.7670227297,
SF2014,38,,B,,,,,,,,,,,,,,,,,,4.8159218082,1.0884040398,
SF2014,39,,B,,,,,,,,,,,,,,,,,,4.3985500453,0.9531264648,
SF2014,40,,B,,,,,,,,,,,,,,,,,,4.4873414778,1.0165369549,
SF2014,41,,B,,,,,,,,,,,,,,,,,,4.2709748428,1,
SF2014,42,,B,,,,,,,,,,,,,,,,,,4.1134470284,0.8455297158,
SF2014,43,,B,,,,,,,,,,,,,,,,,,3.935678997,0.9458337209,
SF2014,44,,B,,,,,,,,,,,,,,,,,,4.1329338625,0.9849539549,
SF2014,45,,B,,,,,,,,,,,,,,,,,,4.7608631749,1.0709478967,
SF2014,46,,B,,,,,,,,,,,,,,,,,,4.0967636893,1.0154687548,
SF2014,47,,B,,,,,,,,,,,,,,,,,,4.2086007669,0.9307204945,
SF2014,48,,B,,,,,,,,,,,,,,,,,,4.4646302083,1.0036848958,
SF2014,49,,B,,,,,,,,,,,,,,,,,,4.4267333333,1.024925641,
SF2014,50,,B,,,,,,,,,,,,,,,,,,4.6478686202,1.0619403354,
SF2014,51,,B,,,,,,,,,,,,,,,,,,4.1467390747,0.9693240208,
SF2014,52,,B,,,,,,,,,,,,,,,,,,4.2143139185,0.984615858,
SF2014,53,,B,,,,,,,,,,,,,,,,,,4.3249207717,1.0330605212,
SF2014,54,,B,,,,,,,,,,,,,,,,,,4.5225511863,0.9846197628,
SF2014,55,,B,,,,,,,,,,,,,,,,,,4.5757156108,1.0233950916,
SF2014,56,,B,,,,,,,,,,,,,,,,,,4.8004780362,1.1162790698,
SF2014,57,,B,,,,,,,,,,,,,,,,,,4.2527402949,0.9998513217,
SF2014,58,M,B,1,,,,,,,,,,,5.8,4.9,1.6,1.4,0.849,,4.9923436693,1.1944263566,1
SF2014,59,,B,,,,,,,,,,,,,,,,,,4.0200994276,0.8453305362,
SF2014,60,,B,,,,,,,,,,,,,,,,,,4.0482705833,0.8926578716,
SF2014,61,,B,,,,,,,,,,,,,,,,,,3.6779268308,0.8764139637,
SF2014,62,,B,,,,,,,,,,,,,,,,,,3.9751013407,0.8802423459,
SF2014,63,,B,,,,,,,,,,,,,,,,,,3.955225641,0.9225076923,
SF2014,64,,B,,,,,,,,,,,,,,,,,,4.3667633149,1.0166415381,
SF2014,65,,B,,,,,,,,,,,,,,,,,,4.489757732,1.0113737113,
SF2014,66,,B,,,,,,,,,,,,,,,,,,4.3790206186,0.9853994845,
SF2014,67,,B,,,,,,,,,,,,,,,,,,4.4394866046,1.0069896006,
SF2014,68,,B,,,,,,,,,,,,,,,,,,4.3643453608,0.9588865979,
SF2014,69,,B,,,,,,,,,,,,,,,,,,3.4957010309,0.8432525773,
SF2014,70,,B,,,,,,,,,,,,,,,,,,4.6883937385,1.0563967129,
SF2014,71,,B,,,,,,,,,,,,,,,,,,4.7591484802,1.0870192982,
SF2014,72,,B,,,,,,,,,,,,,,,,,,4.092088563,0.9282086127,
SF2014,73,,B,,,,,,,,,,,,,,,,,,4.1523350515,0.9126030928,
SF2014,74,,B,,,,,,,,,,,,,,,,,,4.7057345419,1.0573043935,
SF2014,75,,B,,,,,,,,,,,,,,,,,,3.2825132037,0.8303360103,
SF2014,76,,B,,,,,,,,,,,,,,,,,,4.4870869548,1.0000414502,
SF2014,77,,B,,,,,,,,,,,,,,,,,,4.9185907873,1.0567069653,
SF2014,78,,B,,,,,,,,,,,,,,,,,,3.714214106,0.9470294725,
SF2014,79,,B,,,,,,,,,,,,,,,,,,4.2622576792,0.9289149461,
SF2014,80,,B,,,,,,,,,,,,,,,,,,3.5956487737,0.8051819848,
SF2014,81,,B,,,,,,,,,,,,,,,,,,3.5384495071,0.7948769888,
SF2014,82,,B,,,,,,,,,,,,,,,,,,4.6715590136,1.0973452468,
SF2014,83,F,B,1,1.2,1.3,1.45,1.4,1.35,1.2,1.3,1.3,1.3,1.3,1.3,,,,2.422,,4.3920975372,1.016004923,2
SF2014,84,,B,,,,,,,,,,,,,,,,,,3.7318393215,0.8514277803,
SF2014,85,,B,,,,,,,,,,,,,,,,,,4.0897,0.9794871795,
SF2014,86,,B,,,,,,,,,,,,,,,,,,4.2622563284,0.9682486545,
SF2014,87,,B,,,,,,,,,,,,,,,,,,4.2460483757,0.9639179907,
SF2014,88,,B,,,,,,,,,,,,,,,,,,3.9010346021,0.9179933591,
SF2014,89,,B,,,,,,,,,,,,,,,,,,4.1142219388,0.9591964286,
SF2014,90,,B,,,,,,,,,,,,,,,,,,4.4698547699,1.0257728638,
SF2014,91,,B,,,,,,,,,,,,,,,,,,4.066152998,0.9386725811,
SF2014,92,,B,,,,,,,,,,,,,,,,,,3.3185754029,0.7897488494,
SF2014,93,,B,,,,,,,,,,,,,,,,,,4.6308124255,1.0615376726,
SF2014,94,,B,,,,,,,,,,,,,,,,,,4.2461564103,0.9744794872,
SF2014,95,,B,,,,,,,,,,,,,,,,,,4.3496672498,1.0151779434,
SF2014,96,,B,,,,,,,,,,,,,,,,,,3.4261948718,0.7897435897,
SF2014,97,,B,,,,,,,,,,,,,,,,,,4.4203256761,1.004764747,
SF2014,98,,B,,,,,,,,,,,,,,,,,,4.2200278058,0.9540822183,
SF2014,99,,B,,,,,,,,,,,,,,,,,,4.0069384215,0.9226748635,
SF2014,100,,B,,,,,,,,,,,,,,,,,,4.5213435844,1.0198693723,
SF2014,101,,B,,,,,,,,,,,,,,,,,,4.0206911936,0.9081639194,
SF2014,102,,B,,,,,,,,,,,,,,,,,,3.9370751831,0.9053666341,
SF2014,103,,B,,,,,,,,,,,,,,,,,,4.2921898473,0.9669633564,
SF2014,104,,B,,,,,,,,,,,,,,,,,,4.2389005102,0.8895280612,
SH,1,F,C,1,,,,,,,,,,,,,,,,,5.4964281518,1.3316003655,1
SH,2,M,C,1,,,,,,,,,,,,,,,,,4.7301605067,1.0879538504,1
SH,3,,C,,,,,,,,,,,,,,,,,,5.7530860321,1.3839891026,
SH,4,F,C,1,,,,,,,,,,,,,,,,,5.5677188372,1.2969274192,1
SH,5,F,C,1,,,,,,,,,,,,,,,,,6.1099371981,1.4352391304,2
SH,6,F,C,1,,,,,,,,,,,,,,,,,4.6840011497,1.123743089,2
SH,7,F,C,1,,,,,,,,,,,,,,,,,5.5634299517,1.3768309179,1
SH,8,F,C,1,,,,,,,,,,,,,,,,,5.7317365964,1.3043928785,1
SH,9,,C,,,,,,,,,,,,,,,,,,6.0099127801,1.3407204156,
SH,10,F,C,1,,,,,,,,,,,,,,,,,5.3114724005,1.2320421438,1
SH,11,F,C,1,,,,,,,,,,,,,,,,,5.3811961795,1.3093179796,1
SH,12,F,C,1,,,,,,,,,,,,,,,,,5.3216835749,1.1742705314,1
SH,13,F,C,1,,,,,,,,,,,,,,,,,4.5989448441,1.0504580336,2
SH,14,F,C,1,,,,,,,,,,,,,,,,,4.2246800206,1.0072461843,2
SH,15,,C,,,,,,,,,,,,,,,,,,4.9565833872,0.9461555029,
SH,16,F,C,1,,,,,,,,,,,,,,,,,5.1414057971,1.2691304348,1
SH,17,,C,,,,,,,,,,,,,,,,,,5.5360896208,1.2753501719,
SH,18,M,C,1,,,,,,,,,,,,,,,,,4.8725718931,1.165436178,1
SH,19,M,C,1,,,,,,,,,,,,,,,,,5.0590929902,1.1657825411,1
SH,20,M,C,1,,,,,,,,,,,,,,,,,4.7949657403,1.0651309164,1
SH,21,,C,,,,,,,,,,,,,,,,,,4.2584333333,0.7538846154,
SK,1,M,C,1,,,,,,,,,,,,,,,,,4.7597295171,1.1102886932,1
SK,2,,C,,,,,,,,,,,,,,,,,,5.2868507817,1.2844638837,
SK,3,,C,,,,,,,,,,,,,,,,,,5.3355865633,1.2945736434,
SK,4,F,C,1,,,,,,,,,,,,,,,,,5.7697487179,1.3617333333,1
SK,5,,C,,,,,,,,,,,,,,,,,,5.2670281493,1.2060731125,
SK,6,,C,,,,,,,,,,,,,,,,,,5.2611688165,1.2381544409,
SK,7,F,C,1,,,,,,,,,,,,,,,,,5.9823750272,1.4075502646,1
SK,8,M,C,1,,,,,,,,,,,,,,,,,4.8811070458,1.1474863829,1
SK,9,,C,,,,,,,,,,,,,,,,,,5.0776559331,1.2787460766,
SK,10,M,C,1,,,,,,,,,,,,,,,,,4.7210138187,1.0699874939,1
SK,11,,C,,,,,,,,,,,,,,,,,,4.1953587032,0.9844075784,
SK,12,M,C,1,,,,,,,,,,,,,,,,,5.3733457079,1.2921783585,1
SK,13,M,C,1,,,,,,,,,,,,,,,,,5.4514236782,1.2536982817,1
SK,14,M,C,1,,,,,,,,,,,,,,,,,5.3467201009,1.2846681641,1
SK,15,,C,,,,,,,,,,,,,,,,,,6.8899388133,1.5273996672,
SK,17,F,C,1,,,,,,,,,,,,,,,,,5.3089838351,1.1910480242,1
SK,18,,C,,,,,,,,,,,,,,,,,,5.0624663027,1.1397961984,
SK,19,M,C,1,,,,,,,,,,,,,,,,,5.1465036496,1.2049318735,1
SK,20,,C,,,,,,,,,,,,,,,,,,5.8612159115,1.3294291643,
SK,21,,C,,,,,,,,,,,,,,,,,,5.7522871046,1.3002749392,
SK,22,,C,,,,,,,,,,,,,,,,,,5.3134612934,1.2425351188,
SK,23,,C,,,,,,,,,,,,,,,,,,5.4072916667,1.2426470588,
SK,24,F,C,1,,,,,,,,,,,,,,,,,5.4156774393,1.3139137395,1
SK,25,F,C,1,,,,,,,,,,,,,,,,,5.5475220031,1.3014355005,1
SK,26,M,C,1,,,,,,,,,,,,,,,,,5.177083461,1.157748198,1
SK,27,,C,,,,,,,,,,,,,,,,,,5.3921809449,1.2070456618,
SK,28,,C,,,,,,,,,,,,,,,,,,5.0597420925,1.1759975669,
SK,29,,C,,,,,,,,,,,,,,,,,,4.7019982304,1.0514667497,
SK,30,F,C,1,,,,,,,,,,,,,,,,,5.3239411765,1.2132573529,1
SK,31,,C,,,,,,,,,,,,,,,,,,5.2142568347,1.2276653459,
SK,32,,C,,,,,,,,,,,,,,,,,,5.0966421823,1.1624117116,
SK,33,,C,,,,,,,,,,,,,,,,,,5.3781901235,1.2378345679,
SK,34,,C,,,,,,,,,,,,,,,,,,5.2096815601,1.3257837571,
SK,35,,C,,,,,,,,,,,,,,,,,,5.5989669376,1.2555260078,
SK,36,F,C,1,,,,,,,,,,,,,,,,,4.4263561522,1.1177125127,1
SK,37,,C,,,,,,,,,,,,,,,,,,5.4867181373,1.2794117647,
SK,38,,C,,,,,,,,,,,,,,,,,,5.0954508579,1.2223469465,
SK,39,,C,,,,,,,,,,,,,,,,,,4.5508175182,1.0089902676,
SK,40,,C,,,,,,,,,,,,,,,,,,5.2683064917,1.1841567997,
SK,41,,C,,,,,,,,,,,,,,,,,,3.9830518035,1.0231608258,
SK,42,,C,,,,,,,,,,,,,,,,,,5.1162692308,1.2462487179,
SK,43,,C,,,,,,,,,,,,,,,,,,4.9066787318,1.0613656871,
SK,44,,C,,,,,,,,,,,,,,,,,,5.2329825749,1.1615283632,
SK,45,,C,,,,,,,,,,,,,,,,,,5.0857465049,1.2301856812,
SK,46,,C,,,,,,,,,,,,,,,,,,5.3969638243,1.2868449612,
SK,47,,C,,,,,,,,,,,,,,,,,,4.7384157411,1.1153759372,
SK,48,,C,,,,,,,,,,,,,,,,,,4.7634612328,1.1614271137,
SK,49,,C,,,,,,,,,,,,,,,,,,4.574454659,1.0763337413,
SR2014,1,F,B,1,0.7,0.7,0.8,0.7,0.6,0.6,0.9,0.7,0.85,0.6,,,,,0.777,,5.0503724902,1.0571389797,1
SR2014,2,,B,,,,,,,,,,,,,,,,,,3.7439995681,0.8591609137,
SR2014,3,,B,,,,,,,,,,,,,,,,,,3.8244962897,0.7306145703,
SR2014,4,,B,,,,,,,,,,,,,,,,,,4.0421491464,0.9438746887,
SR2014,5,,B,,,,,,,,,,,,,,,,,,3.9471923178,0.9086590452,
SR2014,6,,B,,,,,,,,,,,,,,,,,,3.6815685644,0.8581620809,
SR2014,7,,B,,,,,,,,,,,,,,,,,,4.036140734,0.9505620474,
SR2014,8,,B,,,,,,,,,,,,,,,,,,4.8724342723,1.1550164319,
SR2014,9,,B,,,,,,,,,,,,,,,,,,4.3566327125,1.0140579474,
SR2014,10,,B,,,,,,,,,,,,,,,,,,3.8683641582,0.8125112845,
SR2014,11,,B,,,,,,,,,,,,,,,,,,3.6000478861,0.8030731601,
SR2014,12,,B,,,,,,,,,,,,,,,,,,4.0028826291,0.9296830986,
SR2014,13,,B,,,,,,,,,,,,,,,,,,3.2146713615,0.6831338028,
SR2014,14,,B,,,,,,,,,,,,,,,,,,3.9925899324,0.9225522366,
SR2014,15,F,B,1,1,0.8,0.9,0.6,0.7,0.7,0.9,0.9,0.7,0.7,,,,,0.823,,5.1825923266,1.112923139,2
SR2014,16,,B,,,,,,,,,,,,,,,,,,4.6381772578,1.0496417351,
SR2014,17,,B,,,,,,,,,,,,,,,,,,3.9836530043,0.9654069965,
SR2014,18,M,B,1,,,,,,,,,,,3.5,3.8,1,1.05,0.588,,4.0713167849,0.8936453901,2
SR2014,19,,B,,,,,,,,,,,,,,,,,,3.994141844,0.9361702128,
SR2014,20,F,B,1,1.5,1.5,1.5,1.45,1.4,1.45,1.4,1.4,1.45,1.35,,,,,3.79,,5.248923815,1.2463559931,2
SR2014,21,,B,,,,,,,,,,,,,,,,,,4.2693972497,0.9292973469,
SR2014,22,,B,,,,,,,,,,,,,,,,,,4.0074411224,0.8732450571,
SR2014,23,,B,,,,,,,,,,,,,,,,,,4.6615224586,1.1349503546,
SR2014,24,,B,,,,,,,,,,,,,,,,,,5.2878356808,1.1551220657,1
SR2014,25,M,B,1,,,,,,,,,,,3.8,4.2,1.2,0.9,0.484,,3.9079314722,0.8937072558,2
SR2014,26,,B,,,,,,,,,,,,,,,,,,3.8218011238,0.8618062646,
SR2014,27,,B,,,,,,,,,,,,,,,,,,3.8226027219,0.8305221377,
SR2014,28,,B,,,,,,,,,,,,,,,,,,3.9357731107,0.8859506061,
SR2014,29,,B,,,,,,,,,,,,,,,,,,3.4538392619,0.7756606802,
SR2014,30,,B,,,,,,,,,,,,,,,,,,3.5386056338,0.7958051643,
SR2014,31,,B,,,,,,,,,,,,,,,,,,4.3049991608,0.9716059393,
SR2014,32,,B,,,,,,,,,,,,,,,,,,3.7399741784,0.8948098592,
SR2014,33,,B,,,,,,,,,,,,,,,,,,4.9792293144,1.1704066194,
SR2014,34,F,B,1,0.7,0.95,0.9,0.9,1,0.95,1,1,0.9,1,,,,,1.103,,5.1974178404,1.1198075117,1
SR2014,35,,B,,,,,,,,,,,,,,,,,,4.4868497653,0.964814554,
SR2014,37,F,B,1,0.8,1,1,1,0.95,1.1,1.1,0.95,1,1,,,,,2.049,,7.1347825059,1.4610094563,1
SR2014,38,,B,,,,,,,,,,,,,,,,,,4.7745973402,1.0777270786,
SR2014,39,,B,,,,,,,,,,,,,,,,,,3.541427334,0.7188429407,
SR2014,40,,B,,,,,,,,,,,,,,,,,,3.9446234956,0.8591609137,
SR2014,41,,B,,,,,,,,,,,,,,,,,,3.8747778813,0.908537573,
SR2014,42,,B,,,,,,,,,,,,,,,,,,4.6905680751,1.1197394366,
SR2014,43,,B,,,,,,,,,,,,,,,,,,4.8172911028,1.0775285145,
SR2014,44,,B,,,,,,,,,,,,,,,,,,4.2398098592,0.8943943662,
SR2014,45,F,B,1,1.1,1.05,1,1,1.1,1.2,1.1,1,0.9,0.7,,,,,1.487,,4.9842222222,1.135106383,1
SR2014,46,,B,,,,,,,,,,,,,,,,,,4.5048592117,1.0142573125,
SR2014,47,,B,,,,,,,,,,,,,,,,,,3.5565722633,0.7670615044,
SR2014,48,,B,,,,,,,,,,,,,,,,,,4.455416053,0.9388290139,
SR2014,49,,B,,,,,,,,,,,,,,,,,,3.74680466,0.7918504452,
SR2014,50,,B,,,,,,,,,,,,,,,,,,4.3269456265,0.9647730496,
SR2014,51,M,B,1,,,,,,,,,,,4.2,4.4,1.05,1,0.393,,3.7874728132,0.829787234,2
SR2014,52,,B,,,,,,,,,,,,,,,,,,4.1545199769,0.9794104807,
SR2014,53,,B,,,,,,,,,,,,,,,,,,4.8868699764,1.0638297872,
SR2014,54,,B,,,,,,,,,,,,,,,,,,3.7072037863,0.7930664242,
SR2014,55,,B,,,,,,,,,,,,,,,,,,4.5765719665,0.950782961,
SR2014,56,,B,,,,,,,,,,,,,,,,,,3.9719537758,0.8523535777,
SR2014,57,,B,,,,,,,,,,,,,,,,,,3.9698699764,0.9009598109,
SR2014,58,F,B,1,1.3,1.2,1,1.05,1.2,1.3,1,1.1,1.1,1.2,,,,,2.373,,4.3755982827,1.014081796,1
SR2014,59,,B,,,,,,,,,,,,,,,,,,3.9438236816,0.9029838571,
SR2014,60,,B,,,,,,,,,,,,,,,,,,3.6746491226,0.8808092461,
SR2014,61,,B,,,,,,,,,,,,,,,,,,4.6630496524,1.0705259106,
SR2014,62,,B,,,,,,,,,,,,,,,,,,4.0284200647,0.8654881315,
SR2014,63,,B,,,,,,,,,,,,,,,,,,3.7393987479,0.8239529026,
SR2014,64,,B,,,,,,,,,,,,,,,,,,3.8651744622,0.8520410455,
SR2014,65,,B,,,,,,,,,,,,,,,,,,3.7550070423,0.8169014085,
SR2014,66,,B,,,,,,,,,,,,,,,,,,3.7971725601,0.783324398,
SR2014,67,,B,,,,,,,,,,,,,,,,,,3.8803075753,0.8802230766,
SR2014,68,,B,,,,,,,,,,,,,,,,,,3.8600798122,0.9296830986,
SR2014,69,,B,,,,,,,,,,,,,,,,,,4.4861541134,0.950914413,
SR2014,70,,B,,,,,,,,,,,,,,,,,,4.0635269537,0.9005332123,
SR2014,71,,B,,,,,,,,,,,,,,,,,,4.1383962704,0.9021258741,
SR2014,72,,B,,,,,,,,,,,,,,,,,,4.0450618867,0.8461620941,
SR2014,73,,B,,,,,,,,,,,,,,,,,,3.944410429,0.9219902083,
SR2014,74,,B,,,,,,,,,,,,,,,,,,4.0999264795,0.9006857978,
SR2014,75,,B,,,,,,,,,,,,,,,,,,4.4890779424,1.0152963174,
SR2014,76,F,B,1,1.2,1.2,1.3,1.3,1.1,1.2,1.2,1.1,1.3,1.1,,,,,2.782,,5.7518132388,1.2411347518,NA
SR2014,77,,B,,,,,,,,,,,,,,,,,,4.7968137944,1.0709886977,
SR2014,78,,B,,,,,,,,,,,,,,,,,,4.0514746728,0.9220008368,
SR2014,79,,B,,,,,,,,,,,,,,,,,,4.5520238095,0.9643904762,
SR2014,80,M,B,1,,,,,,,,,,,4,5.6,0.8,1.2,0.561,,4.1122320899,0.9786499245,2
SR2014,81,,B,,,,,,,,,,,,,,,,,,3.6266739591,0.7535345331,
SR2014,82,,B,,,,,,,,,,,,,,,,,,3.8190571199,0.842956494,
SR2014,83,,B,,,,,,,,,,,,,,,,,,4.0496877934,0.8875751174,
SR2014,84,,B,,,,,,,,,,,,,,,,,,3.583356974,0.8227257683,
SR2014,85,,B,,,,,,,,,,,,,,,,,,3.5917981221,0.8028474178,
SR2014,86,,B,,,,,,,,,,,,,,,,,,4.9512211266,1.0711045339,
SR2014,87,,B,,,,,,,,,,,,,,,,,,3.8873952381,0.9358238095,
SR2014,88,F,B,1,1.2,1.25,1.4,1.3,1.2,1.3,1.2,1.3,1.4,1.4,,,,,3.372,,4.8995516432,1.1552723005,1
SR2014,89,F,B,1,1.3,1.2,1.4,1.2,1.2,1.3,1.25,1.3,1.3,1.3,,,,,2.924,,4.873225519,1.117256998,1
SR2014,90,,B,,,,,,,,,,,,,,,,,,4.224352381,0.9642857143,
SR2014,91,,B,,,,,,,,,,,,,,,,,,4.2265443466,0.9434052803,
SR2014,92,M,B,1,,,,,,,,,,,4.3,4.5,1.3,1.2,0.575,,4.0567446809,0.9087990544,2
SR2014,93,,B,,,,,,,,,,,,,,,,,,4.3500928571,0.9643904762,
SR2014,94,,B,,,,,,,,,,,,,,,,,,3.4351778086,0.8014283317,
SR2014,95,,B,,,,,,,,,,,,,,,,,,3.4451927298,0.7676186765,
SR2014,96,F,B,1,0.95,0.8,0.8,0.8,0.9,0.9,0.8,0.8,0.8,0.9,,,,,0.942,,5.0136934856,1.0492862206,1
SR2014,97,,B,,,,,,,,,,,,,,,,,,5.1201048951,1.1189020979,
SR2014,98,,B,,,,,,,,,,,,,,,,,,3.6526688776,0.8937791194,
SR2014,99,,B,,,,,,,,,,,,,,,,,,3.907202381,0.8859738095,
SR2014,100,,B,,,,,,,,,,,,,,,,,,4.0928642857,0.8931142857,
SR2014,101,,B,,,,,,,,,,,,,,,,,,3.7822474068,0.901631648,
SR2014,102,,B,,,,,,,,,,,,,,,,,,4.3120567376,0.9862245863,
SR2014,103,,B,,,,,,,,,,,,,,,,,,4.5345374582,0.9716242497,
SR2014,104,,B,,,,,,,,,,,,,,,,,,4.0713479229,0.9577475699,
SR2014,105,F,B,1,0.9,0.8,0.8,0.8,0.8,0.7,0.9,0.8,0.7,0.8,,,,,0.977,,3.8741167487,0.8794381234,2
SR2014,106,,B,,,,,,,,,,,,,,,,,,4.2328197689,0.9580651673,
SR2014,107,F,B,1,1.1,1,0.95,0.9,1.05,1.1,1,1.05,1.1,1.1,,,,,1.976,,4.2771538591,0.9645449753,2
SR2014,108,,B,,,,,,,,,,,,,,,,,,3.6543777821,0.823162991,
SR2014,109,,B,,,,,,,,,,,,,,,,,,3.9926603206,0.8868885669,
SR2014,110,,B,,,,,,,,,,,,,,,,,,4.2007637895,0.9285756802,
SR2014,111,,B,,,,,,,,,,,,,,,,,,4.1360166667,0.9000285714,
SR2014,112,,B,,,,,,,,,,,,,,,,,,4.3905288515,1.0498332195,
SR2014,113,F,B,1,1,1,1,1.05,0.95,0.9,0.9,0.9,0.95,1,,,,,1.358,,5.5422569337,1.248180445,1
SR2014,114,M,B,1,,,,,,,,,,,5.2,6,1.4,1.4,0.583,,3.9576662389,0.8435279245,2
SR2014,115,,B,,,,,,,,,,,,,,,,,,3.6170383276,0.8021824492,
SR2014,116,,B,,,,,,,,,,,,,,,,,,3.8034503858,0.8288259117,
SR2014,117,,B,,,,,,,,,,,,,,,,,,3.9496980071,0.8213754306,
SR2014,118,,B,,,,,,,,,,,,,,,,,,3.5000666667,0.828847619,
SR2014,119,,B,,,,,,,,,,,,,,,,,,3.7013853344,0.8218420495,
SR2014,120,M,B,1,,,,,,,,,,,4.8,3.9,1,1.1,0.38,,3.8226027219,0.8724335774,2
SR2014,121,,B,,,,,,,,,,,,,,,,,,3.7427662609,0.7859865575,
SR2014,122,,B,,,,,,,,,,,,,,,,,,3.6507496232,0.7645656899,
SR2014,123,,B,,,,,,,,,,,,,,,,,,3.858218817,0.8659514764,
SR2014,124,,B,,,,,,,,,,,,,,,,,,6.5980175456,1.5898924614,
SR2014,125,F,B,1,1.5,1.55,1.5,1.55,1.55,1.6,1.6,1.6,1.6,1.5,,,,,4.235,,5.9802411348,1.3978108747,1
SR2014,126,,B,,,,,,,,,,,,,,,,,,4.8740765607,1.1419017472,
SR2014,127,,B,,,,,,,,,,,,,,,,,,4.1492323944,0.9015187793,
SR2014,128,M,B,1,,,,,,,,,,,4,3.8,0.8,0.7,0.36,,3.4577746479,0.7536525822,1
SR2014,129,,B,,,,,,,,,,,,,,,,,,3.894291462,0.8732168888,
SR2014,130,F,B,1,1,1,1,1,1.05,1,1,1,1.05,0.95,,,,,1.712,,5.4719928571,1.1786571429,1
SR2014,131,F,B,1,1.4,1.3,1.4,1.5,1.3,1.3,1.3,1.5,1.5,1.45,,,,,2.569,,3.6188014184,0.8156335697,2
SR2014,132,,B,,,,,,,,,,,,,,,,,,3.7817488263,0.8239741784,
SR2014,133,F,B,1,1.5,1.5,1.2,1.3,1.3,1.5,1.4,1.3,1.3,1.3,,,,,2.101,,4.3223146202,0.9571520059,1
SR2014,134,,B,,,,,,,,,,,,,,,,,,3.8173114388,0.9365273846,
SR2014,135,,B,,,,,,,,,,,,,,,,,,4.6807054278,1.0141569114,
SR2014,136,,B,,,,,,,,,,,,,,,,,,3.7049915267,0.8454565512,
SR2014,137,M,B,1,,,,,,,,,,,3.7,3.5,1.2,1.1,0.652,,3.7826338028,0.8805352113,2
SR2014,138,,B,,,,,,,,,,,,,,,,,,4.0717049911,0.9155577515,
SR2014,139,,B,,,,,,,,,,,,,,,,,,3.8932803521,0.8725117778,
SR2014,140,,B,,,,,,,,,,,,,,,,,,4.4483264029,0.9787239575,
SR2014,141,F,B,1,0.95,1,1,1,1.05,1.1,1,0.95,1.1,1.2,,,,,1.82,,4.2202387707,0.9366004728,2
SR2014,142,,B,,,,,,,,,,,,,,,,,,4.6271032864,1.0353075117,
SR2014,143,,B,,,,,,,,,,,,,,,,,,4.0575352113,0.8312535211,
SR2014,144,F,B,1,1,0.95,0.95,1,0.9,0.8,1,1.1,1.1,0.7,,,,,0.985,,4.8834728132,1.0360685579,1
SR2014,145,,B,,,,,,,,,,,,,,,,,,4.2676409764,0.936701165,
SR2014,146,,B,,,,,,,,,,,,,,,,,,4.4486807512,0.9720610329,
SR2014,147,,B,,,,,,,,,,,,,,,,,,4.0075878811,0.9078202452,
SR2014,148,F,B,1,1.25,1.25,1.25,1.2,1.4,1.3,1.3,1.2,1.1,1.3,,,,,2.167,,4.0772153919,0.936633008,2
SR2014,149,F,B,1,1.4,1.25,1.35,1.4,1.3,1.4,1.3,1.25,1.25,1.3,,,,,2.442,,4.2835127219,0.9362522488,2
SR2014,150,,B,,,,,,,,,,,,,,,,,,3.908562123,0.8513434303,
SR2014,151,,B,,,,,,,,,,,,,,,,,,5.8170235041,1.4296954773,
SR2014,152,,B,,,,,,,,,,,,,,,,,,4.2568779343,0.91592723,
SR2014,153,,B,,,,,,,,,,,,,,,,,,3.8228014184,0.8872340426,
SR2014,154,,B,,,,,,,,,,,,,,,,,,4.2626919722,0.979266883,
SR2014,155,,B,,,,,,,,,,,,,,,,,,4.6676020245,1.0213493266,
SR2014,156,,B,,,,,,,,,,,,,,,,,,3.9401655236,0.9156468142,
SR2014,157,,B,,,,,,,,,,,,,,,,,,5.2570099355,1.1537126409,
SR2014,158,,B,,,,,,,,,,,,,,,,,,4.4188945441,0.9861989405,
SR2014,159,M,B,1,,,,,,,,,,,7.8,7.3,1.5,1.3,2.226,,6.0568741183,1.367051555,1
SR2014,160,,B,,,,,,,,,,,,,,,,,,4.3014153296,0.96492999,
SR2014,161,,B,,,,,,,,,,,,,,,,,,3.8008920188,0.8310164319,
SR2014,162,,B,,,,,,,,,,,,,,,,,,3.5687388354,0.8309949743,
SR2014,163,,B,,,,,,,,,,,,,,,,,,3.8857214286,0.8724809524,
SR2014,164,,B,,,,,,,,,,,,,,,,,,3.8596323293,0.8650519031,
SR2014,165,,B,,,,,,,,,,,,,,,,,,4.1996282057,0.8882410654,
SR2014,166,,B,,,,,,,,,,,,,,,,,,4.3432293144,1.0073167849,
SR2014,167,,B,,,,,,,,,,,,,,,,,,3.7543562697,0.808614906,
SR2014,168,,B,,,,,,,,,,,,,,,,,,4.1176378075,0.908537573,
SR2014,169,,B,,,,,,,,,,,,,,,,,,4.1648396581,0.8870327302,
SR2014,170,,B,,,,,,,,,,,,,,,,,,3.8700515523,0.8520375719,
SR2014,171,,B,,,,,,,,,,,,,,,,,,3.4999166688,0.7683933044,
SR2014,172,,B,,,,,,,,,,,,,,,,,,4.0899338056,0.8595345978,
SR2014,173,,B,,,,,,,,,,,,,,,,,,3.9646489837,0.8949043005,
SR2014,174,,B,,,,,,,,,,,,,,,,,,4.1632297978,0.8582519131,
SR2014,175,,B,,,,,,,,,,,,,,,,,,4.2373224337,0.9449423301,
SR2014,176,,B,,,,,,,,,,,,,,,,,,3.9145524214,0.9150488248,
SR2014,177,,B,,,,,,,,,,,,,,,,,,3.867750484,0.8439496845,
SR2014,178,,B,,,,,,,,,,,,,,,,,,4.3358896104,0.979955604,
SR2014,179,,B,,,,,,,,,,,,,,,,,,3.5326835472,0.7659375288,
SR2014,180,,B,,,,,,,,,,,,,,,,,,3.7176598726,0.8101128844,
SR2014,181,,B,,,,,,,,,,,,,,,,,,3.8647809524,0.8000309524,
SR2014,182,,B,,,,,,,,,,,,,,,,,,4.0667893552,0.9440577825,
SR2014,183,,B,,,,,,,,,,,,,,,,,,4.1795173351,0.935644684,
SR2014,184,,B,,,,,,,,,,,,,,,,,,4.0730333333,0.9145357143,
SR2014,185,,B,,,,,,,,,,,,,,,,,,4.7886134396,1.0011877628,
SR2014,186,,B,,,,,,,,,,,,,,,,,,3.9784672306,0.8716700277,
SR2014,187,,B,,,,,,,,,,,,,,,,,,3.4414408194,0.7356950175,
SR2014,188,,B,,,,,,,,,,,,,,,,,,3.6377681074,0.790194394,
SR2014,189,,B,,,,,,,,,,,,,,,,,,4.4716757418,0.9723483433,
SR2014,190,,B,,,,,,,,,,,,,,,,,,3.7960529713,0.8882410654,
SR2014,191,,B,,,,,,,,,,,,,,,,,,4.3477187209,0.964996209,
SR2014,192,,B,,,,,,,,,,,,,,,,,,3.3888800902,0.794751361,
SR2014,193,,B,,,,,,,,,,,,,,,,,,3.9226602072,0.8876824351,
SR2014,194,,B,,,,,,,,,,,,,,,,,,3.8524317335,0.8376094239,
SR2014,195,,B,,,,,,,,,,,,,,,,,,3.5120518336,0.786381547,
SR2014,196,,B,,,,,,,,,,,,,,,,,,4.3816543778,0.9574479151,
SR2014,197,,B,,,,,,,,,,,,,,,,,,3.6028912642,0.8379760681,
TC,1,,B,,,,,,,,,,,,,,,,,,5.8104892608,1.3878348043,
TC,2,,B,,,,,,,,,,,,,,,,,,6.8232921282,1.4841375477,
TC,3,,B,,,,,,,,,,,,,,,,,,6.0851487636,1.4407329741,
TC,4,,B,,,,,,,,,,,,,,,,,,6.9711964286,1.4795918367,
TC,5,,B,,,,,,,,,,,,,,,,,,5.206894089,1.2295419415,
TC,6,,B,,,,,,,,,,,,,,,,,,5.5987846019,1.2744516405,
TC,7,,B,,,,,,,,,,,,,,,,,,6.3260367494,1.5126465662,
TC,8,,B,,,,,,,,,,,,,,,,,,5.7459340265,1.3437289266,
TC,9,,B,,,,,,,,,,,,,,,,,,4.9279500335,1.2157088977,
TC,10,,B,,,,,,,,,,,,,,,,,,5.2026488742,1.1542083624,
TC,11,,B,,,,,,,,,,,,,,,,,,5.6516410885,1.4214656733,
TC,12,,B,,,,,,,,,,,,,,,,,,4.9501089319,1.1502094446,
TC,13,,B,,,,,,,,,,,,,,,,,,4.8776797721,1.1621645294,
TC,14,,B,,,,,,,,,,,,,,,,,,5.3619651776,1.326413227,
TC,15,,B,,,,,,,,,,,,,,,,,,5.6351954227,1.2475019652,
TC,16,,B,,,,,,,,,,,,,,,,,,5.116923751,1.1133877141,
TC,17,,B,,,,,,,,,,,,,,,,,,5.7219779234,1.3140139229,
TC,18,,B,,,,,,,,,,,,,,,,,,5.76838367,1.3155834349,
TC,19,,B,,,,,,,,,,,,,,,,,,5.3742993292,1.2215936766,
TC,20,,B,,,,,,,,,,,,,,,,,,5.3303225773,1.2804848659,
TC,21,,B,,,,,,,,,,,,,,,,,,5.5435601061,1.3542319669,
TC,13A,,B,,,,,,,,,,,,,,,,,,5.5464218593,1.1955125493,
