,ID,family,individual,pixel.correction,standard.length.raw,body.depth.raw,standard.length,body.depth,melanophores,note,x.1,y.1,x.2,y.2,x.3,y.3,x.4,y.4,x.5,y.5,x.6,y.6,x.7,y.7,x.8,y.8,x.9,y.9,x.10,y.10,x.11,y.11,x.12,y.12,x.13,y.13,x.14,y.14,x.15,y.15,x.16,y.16,x.17,y.17,x.18,y.18,x.19,y.19
1,F2-10-1,10,1,876.514,3773.008,854.553,4.304561022,0.9749450665,39,,4.4973611374,1.5196562747,4.0113449414,1.3074520202,3.6143176264,1.266380229,2.7928818022,1.1910819451,2.2794844121,1.2321537363,1.5881092601,1.3142973187,0.5407785843,1.7181699323,0.3628008223,1.7729323205,0.205358956,1.855075903,0.3901820165,1.9166835898,0.5955409725,1.9509100824,1.2595349304,2.1083519487,2.5122245623,2.2178767253,2.8681800861,2.14942374,3.4158039689,2.0398989634,4.1414056136,1.8756117986,4.01819024,1.5059656777,3.6074723279,1.4854297821,2.8476441905,1.6976340366
2,F2-10-2,10,2,864.187,3840.919,870.083,4.444546146,1.006822597,35,,4.6170562621,1.3955312913,4.2490803495,1.2150148058,3.8602756116,1.1108706796,2.943807301,1.0483842039,2.3953149029,1.0483842039,1.7426783786,1.1039277379,0.4512912136,1.4371889417,0.2916035534,1.4441318835,0.2013453107,1.5066183592,0.3402041456,1.6177054272,0.6456935825,1.6524201359,1.3816454078,1.9023660388,2.5966602136,2.0828825243,2.9646361262,2.0412248738,3.5964438252,1.8745942718,4.3809962427,1.7010207282,4.2490803495,1.3052730485,3.8325038447,1.2358436311,2.9924078932,1.319158932
3,F2-10-3,10,3,894.725,3767.207,925.246,4.21046355,1.034112157,32,,4.4728827293,1.5356673838,4.0369946073,1.3143703373,3.6346363408,1.233898684,2.78297801,1.0997792618,2.3202660035,1.1467210595,1.6563748638,1.2204867417,0.7242448797,1.5960211238,0.4291821509,1.6966106904,0.2749448154,1.7636704015,0.4761239487,1.8508480259,0.6840090531,1.8910838526,1.4954315572,2.1392047836,2.5281511079,2.166028668,2.7963899522,2.1257928414,3.4334572075,1.9849674481,4.1644080583,1.8374360837,4.0437005784,1.4619017016,3.6346363408,1.4350778172,2.8902735477,1.5289614127
4,F2-10-4,10,4,882.184,4137.66,943.222,4.690246026,1.069189648,36,,4.7881167648,1.7547359734,4.427647747,1.5779021157,3.9787618003,1.4078695601,3.0877912091,1.2446383067,2.4824753113,1.2446383067,1.7615372757,1.3602604445,0.8025536623,1.6935242534,0.2856546934,1.8975633201,0.1020195333,1.9655763424,0.3196612045,2.0743971779,0.6121172,2.0539932712,1.3806643512,2.3804557779,2.6729117735,2.4756740091,3.1694068358,2.3464492668,3.8971461736,2.1900193157,4.4820581647,2.0811984801,4.4208464447,1.6935242534,3.9787618003,1.5983060223,3.0741886046,1.7547359734
5,F2-10-5,10,5,876.514,4291.321,1011.441,4.895895559,1.153935933,46,,4.7917089744,1.3348332143,4.3467645696,1.177391348,3.9223560605,1.1363195568,2.8750253846,1.1705460495,2.3068656063,1.3074520202,1.5538827674,1.5401921703,0.4928614945,2.1425784414,0.1574418663,2.3000203077,0.0273811941,2.4026997857,0.191668359,2.4711527711,0.397027315,2.4232356813,1.3553691099,2.5943681447,2.7791912052,2.4026997857,3.2652074011,2.2247220238,3.929201359,1.9440647839,4.6000406154,1.663407544,4.4015269579,1.3279879158,3.9771184488,1.4238220953,3.135146729,1.7113246337
6,F2-10-6,10,6,882.326,4319.654,948.683,4.89575735,1.075206896,33,,4.4813368302,0.741222632,4.0733243722,0.6936211786,3.5905096302,0.7888240854,2.6384805616,1.1084338442,2.1964670655,1.3124400732,1.4620446411,1.7544535693,0.408012458,2.5636782776,0.1428043603,2.686082015,0.0476014534,2.7948853372,0.2176066443,2.835686583,0.3944120427,2.7948853372,1.3872423571,2.7744847143,2.7472838837,2.3460716334,3.1892973799,2.1012641586,3.8285168974,1.5844483785,4.3521328851,1.1628355052,4.1073254103,0.8092247083,3.6585117066,0.9724296915,2.9172890746,1.5300467174
7,F2-11-1,11,1,870.186,3342.264,696.026,3.840861609,0.7998588807,48,,4.0336203984,1.5307072281,3.6819714406,1.3376450552,3.2682667843,1.2273238135,2.5718639463,1.1170025719,2.1167888245,1.1170025719,1.5651826161,1.1997435031,0.7446683812,1.3721204432,0.3585440354,1.4341761417,0.2068523281,1.5169170729,0.3861243458,1.5789727713,0.5791865187,1.6065530818,1.3169598224,1.8685660307,2.4684377823,2.0064675828,2.6408147224,1.98578235,3.0200439906,1.9030414187,3.7371320614,1.8340906427,3.6819714406,1.4617564521,3.2475815515,1.4065958312,2.5856541015,1.4065958312
8,F2-11-2,11,2,870.021,3780.686,846.085,4.3455112,0.9724880204,31,,4.5585106566,1.4413445193,4.2274841642,1.2068674204,3.8274938191,1.0689397152,2.9516528911,0.9103228543,2.4620095377,0.8827373132,1.8482312496,0.9448047806,0.8551517722,1.1999710352,0.4413686566,1.3103131993,0.2551662546,1.3585878962,0.3930939598,1.4413445193,0.7310168375,1.462033675,1.3861734372,1.7585782412,2.5930408576,1.8965059464,2.9447565059,1.8758167906,3.6826697287,1.7585782412,4.2895516315,1.7034071591,4.2205877789,1.3034168141,3.7792191223,1.248245732,3.0413058995,1.3241059699
9,F2-11-3,11,3,876.021,4206.068,948.076,4.801332388,1.082252594,28,,4.8355005188,1.5821538525,4.4861938241,1.3698301753,4.0820939224,1.2465454595,3.1917043085,1.0958641402,2.6026773331,1.0821658385,1.7533826244,1.1438081964,0.5684795228,1.4794165893,0.2397202807,1.5342097963,0.054793207,1.6163996069,0.2534185824,1.7122877191,0.4794405614,1.71913687,1.273942063,1.9314605472,2.719112898,2.2122757331,3.219100912,2.1917282805,3.7807312838,2.0136503577,4.5546853329,1.883516491,4.4587972206,1.5205114946,4.0341498663,1.4725674385,3.1985534593,1.554757249
10,F2-11-4,11,4,852.19,3114.832,678.027,3.655091001,0.795628909,27,,0.5773360401,2.0277168237,0.8660040601,1.8094556378,1.2321195977,1.6545606027,1.9080252056,1.5278283012,2.2952627935,1.5348689846,2.9430056678,1.5559910349,3.8582945118,1.8587404217,4.1047184313,1.9009845222,4.217369366,1.9573099896,4.0765556977,2.0417981905,3.794928361,2.084042291,3.0979007029,2.2741407433,2.2178152759,2.3867916779,1.8094556378,2.3093441603,1.337729849,2.2741407433,0.8519226933,2.2741407433,0.8660040601,1.9009845222,1.253241648,1.8728217886,1.9150658891,1.8235370047
11,F2-11-5,11,5,888.081,4241.14,934.942,4.775622944,1.052766583,30,,4.8103720269,1.4931070477,4.4455404406,1.2836666926,4.0671965733,1.1958368662,3.0943123431,1.0944947589,2.5673333851,1.1282754614,1.7971333696,1.2228614282,0.6350772058,1.607961436,0.3107824624,1.7025474028,0.0540491239,1.7836210886,0.2972701814,1.8849631959,0.513466677,1.9052316174,1.3714965189,2.1889895178,2.8713597071,2.2092579393,3.1551176075,2.1619649559,3.8915369206,1.9592807413,4.5671509693,1.7903772291,4.4387843001,1.4323017833,4.0131474494,1.4120333618,3.175386029,1.567424593
12,F2-11-6,11,6,864,3324.655,732.221,3.847980324,0.8474780093,38,,4.125,1.5555555556,3.7986111111,1.3472222222,3.3611111111,1.2222222222,2.625,1.1805555556,2.2361111111,1.2083333333,1.6597222222,1.2847222222,0.8055555556,1.5347222222,0.3680555556,1.5972222222,0.2430555556,1.6458333333,0.4236111111,1.7638888889,0.7361111111,1.7708333333,1.375,1.9722222222,2.4236111111,2.0625,2.6666666667,2.0277777778,3.1597222222,1.8819444444,3.8472222222,1.8333333333,3.7847222222,1.3958333333,3.3958333333,1.375,2.6944444444,1.4305555556
13,F2-11-7,11,7,858.336,3402.529,799.825,3.964099141,0.9318320564,27,,4.0613466055,1.3141706744,3.746784476,1.1254333967,3.3413488424,0.9996085449,2.5304775752,0.9506766581,2.104071133,0.9996085449,1.4330052567,1.0695112404,0.4194161727,1.2722290572,0.2097080863,1.2931998658,0.0978637736,1.3631025612,0.2097080863,1.4469857958,0.4683480595,1.5029079521,1.090482049,1.7615479253,2.4046527234,1.9432949335,2.6143608098,1.8803825075,3.2225142601,1.6706744212,3.823677441,1.5728106476,3.7328039369,1.2163069008,3.348339112,1.1953360922,2.6982440443,1.2862095962
14,F2-11-8,11,8,864.333,3000.024,708.025,3.470912253,0.8191576626,35,,4.0956436929,1.6313157082,3.7485552443,1.436946177,3.4222921027,1.3328196424,2.7072898987,1.207867801,2.3324343743,1.2356348768,1.8326270083,1.3050525665,1.0412653456,1.5271891736,0.7358275109,1.5410727116,0.6525262833,1.6243739392,0.728885742,1.6868498599,0.9163135042,1.7215587048,1.6451992461,1.908986467,2.4296191398,2.0825306913,2.7350569746,2.0408800775,3.1307378059,1.9784041567,3.8110311651,1.915928236,3.7554970133,1.6035486323,3.3875832578,1.6174321702,2.7142316677,1.6313157082
15,F2-11-9,11,9,888.182,4158.974,966.298,4.682569563,1.087950443,48,,4.7692927801,1.641555447,4.411258053,1.4591603973,4.0329572092,1.3578298142,3.1412480775,1.2024562533,2.6278397896,1.1889455089,1.8307058688,1.22272237,0.5606958934,1.4794265139,0.2837256328,1.4929372584,0.0810644665,1.5942678415,0.2769702606,1.6550661914,0.5539405212,1.6888430524,1.3510744419,1.9995901741,2.769702606,2.2833158069,3.154758822,2.2427835736,3.9248712539,2.0468777796,4.4923225195,1.9523025686,4.4045026808,1.5942678415,3.9789142315,1.546980236,3.188535683,1.6888430524
16,F2-13-1,13,1,870.186,3156.006,798.361,3.626817715,0.9174601752,22,,4.0956760968,1.6410284698,3.7302369838,1.4410712193,3.3716929484,1.3169598224,2.7028704208,1.1721631927,2.2684805317,1.1928484255,1.7927201771,1.2549041239,1.0480517958,1.4824416849,0.6205569844,1.5858678489,0.5033406651,1.6479235474,0.6205569844,1.7306644786,0.8756748557,1.7513497114,1.5582875385,1.9375168068,2.3788017734,2.1167888245,2.8062965849,2.0409429708,3.1165750771,2.0064675828,3.8060828375,1.9168315739,3.7371320614,1.5927629265,3.3716929484,1.5927629265,2.6339196448,1.6479235474
17,F2-13-10,13,10,865.686,3330.346,900.72,3.847060019,1.040469639,40,,4.1516207955,1.6842134446,3.721903785,1.4554931003,3.3545650501,1.3376674683,2.6476112586,1.1921181583,2.2109633285,1.1921181583,1.663420686,1.3030128707,0.6168518377,1.6564897665,0.4643716082,1.6564897665,0.2841677005,1.7535226398,0.4990262058,1.8297627546,0.6099209182,1.8366936741,1.4000457441,2.0862067771,2.3149271214,2.204032409,2.7099895343,2.1901705699,3.0288118325,2.0515521794,3.8397294169,1.9891739037,3.721903785,1.6010424103,3.3199104525,1.5594568931,2.5783020633,1.6564897665
18,F2-13-11,13,11,882.734,1611.623,836.155,1.8257176,0.9472332549,NA,pacman fish,1.1758921714,1.6109043041,1.4137894315,1.4885571418,1.7672367893,1.3798041086,2.1750606638,1.2914422691,2.4129579239,1.2574569463,2.6304639903,1.230268688,2.8819553795,1.3933982377,2.9431289607,1.4681659481,2.9839113482,1.4953542064,2.9295348316,1.5429336584,2.8479700567,1.6380925624,2.8615641858,1.8352074351,2.3042048907,2.2566254387,2.1206841472,2.1614665347,1.597310175,1.91677221,1.3050363983,1.8623956934,1.4137894315,1.5633248521,1.7672367893,1.5361365938,2.236234245,1.6380925624
19,F2-13-12,13,12,888.507,3702.005,894.725,4.166545677,1.006998257,46,,4.2948451729,1.6612136989,3.9166827048,1.4383679588,3.5520260392,1.3438273418,2.7686894982,1.1682519102,2.322998018,1.1817577127,1.6477078965,1.256039626,0.5469849984,1.5599201807,0.3173863571,1.5734259831,0.1485638267,1.6747195014,0.3241392583,1.7287427111,0.5672437021,1.7557543159,1.316815737,2.0461290682,2.4377973387,2.2149515986,2.856477214,2.133916784,3.4709912246,2.0191174633,4.0652465315,1.9380826488,3.9166827048,1.5801788844,3.5115086319,1.6071904892,2.7889482019,1.6544607977
20,F2-13-13,13,13,888.729,4182.108,942.306,4.705717941,1.060284969,24,,4.7798597773,1.6675499505,4.307274771,1.3434916606,3.9292067661,1.1747113012,3.0312952542,0.9789260843,2.5182029618,0.9924285131,1.7688181662,1.0869455143,0.6143605081,1.4920183768,0.2565461462,1.5730329493,0.0742633581,1.6743011649,0.2632973606,1.7553157374,0.5671020075,1.7620669518,1.4650135193,1.9848570262,2.5992175343,2.1131300993,2.990787968,2.0523691699,3.5916460473,1.9848570262,4.4355478442,1.9578521687,4.307274771,1.5190232343,3.8481921936,1.4920183768,2.9772855392,1.4582623049
21,F2-13-14,13,14,876.739,3786.171,918,4.318469921,1.047061896,29,,4.3319619636,1.3002729433,3.9213494552,1.0196877292,3.5107369468,0.9101910603,2.68951193,0.7322589733,2.2104640035,0.7596331405,1.4918921138,0.8075379332,0.4516737592,1.1360279399,0.1231837525,1.1907762744,0.0068435418,1.2660552342,0.0889660435,1.3481777359,0.3695512576,1.4029260704,1.1565585653,1.7040419099,2.2720558798,1.8545998296,2.7647908899,1.7998514951,3.4012402779,1.6698242008,4.0445332077,1.5603275319,3.9213494552,1.1976198162,3.4765192378,1.1634021071,2.7100425554,1.2592116924
22,F2-13-15,13,15,876.514,3921.104,1023.963,4.473521244,1.168222071,32,,4.4905158389,1.6017998572,4.0729526283,1.3348332143,3.6759253132,1.2253084377,2.8339535934,1.0610212729,2.3137109048,1.088402467,1.6017998572,1.2321537363,0.383336718,1.6702528425,0.1848230604,1.6907887381,0.0136905971,1.8140041117,0.1848230604,1.8687665,0.4586350018,1.8619212015,1.1979272436,2.0741254561,2.6080587418,2.2589485165,2.9503236685,2.1836502326,3.5253287455,1.9919818736,4.2098585989,1.8893023956,4.0934885239,1.5401921703,3.6690800147,1.5401921703,2.8613347876,1.6223357528
23,F2-13-2,13,2,888.081,3529.474,835.746,3.974270365,0.9410695646,18,,4.5266141264,1.6349859979,4.2361000855,1.4660824857,3.8442439372,1.3377158165,3.0672877812,1.2161052877,2.621382509,1.2363737092,1.9322561793,1.317447395,0.8647859824,1.6755228408,0.7026386107,1.6822789813,0.540491239,1.7633526672,0.7364193131,1.8174017911,0.9323473872,1.8376702125,1.6552544194,2.0200860057,2.7565053188,2.1957456583,3.1213369051,2.1281842535,3.7226334084,1.9795491627,4.2766369284,1.9119877579,4.2361000855,1.594449155,3.7969509538,1.567424593,3.0943123431,1.6417421384
24,F2-13-3,13,3,864.021,3178.007,836.155,3.678159443,0.9677484691,41,,4.1526768447,1.4374650616,3.7637974077,1.2638581701,3.3540851438,1.2013596892,2.6596575778,1.1319169326,2.2360567625,1.1944154135,1.736068915,1.3124680997,0.999975695,1.5832948505,0.6458176364,1.6596818827,0.5208206745,1.7291246393,0.673594739,1.8194002229,0.8819230088,1.8332887742,1.5485734722,1.9999513901,2.388830827,2.1457811789,2.798543091,2.083282698,3.2151996306,1.8749544282,3.9304600235,1.7638460176,3.7499088564,1.3957994077,3.3679736951,1.388855132,2.6804904047,1.4444093373
25,F2-13-4,13,4,894.181,3624.045,990.164,4.052921053,1.107341802,30,,4.502444136,1.9392047024,4.1602315415,1.7043529218,3.7911787435,1.5701519044,3.019522893,1.3554302764,2.4692987214,1.3420101747,1.8318438884,1.4158207343,0.8320463083,1.7982936341,0.5636442734,1.851974041,0.4495734085,1.9526248042,0.5971945277,2.0063052111,0.9326970714,2.0331454146,1.4359508869,2.2747072461,2.6638901967,2.489428874,3.0463630965,2.435748467,3.76433854,2.2545770935,4.2340421011,2.1941866356,4.1535214906,1.8318438884,3.7576284891,1.7848735323,2.965842486,1.8050036849
26,F2-13-5,13,5,883.305,3390.51,866.081,3.838436327,0.9805005066,36,,4.6869427887,1.8204357498,4.2725898755,1.5555215922,3.8989929866,1.4468388609,3.1789698915,1.3245707881,2.886885051,1.3789121538,2.1668619559,1.4943875558,1.1955100447,1.9359111519,1.025693277,1.9630818347,0.86266918,2.071764566,1.0392786184,2.1328986024,1.3245707881,2.1328986024,2.0513865539,2.234788663,2.886885051,2.3366787237,3.2672746107,2.3163007115,3.6204934875,2.1261059317,4.3405165826,2.1125205903,4.2725898755,1.7660943842,3.8582369623,1.745716372,3.1110431844,1.7796797256
27,F2-13-6,13,6,876.185,3180.006,830.713,3.629377358,0.9481022843,48,,4.0196990362,1.3490301706,3.670457723,1.2394642684,3.3006728031,1.143594104,2.4926242746,1.0614196774,2.1365350925,1.1504419729,1.6571842704,1.2326163995,0.903918693,1.5681619749,0.5820688553,1.7256629593,0.4245678709,1.8420767304,0.5820688553,1.862620337,0.7121783642,1.8694682059,1.4380524661,1.9995777148,2.3419711591,2.047512797,2.6227337834,2.0201213214,3.0746931299,1.8352288615,3.8279587074,1.6640321393,3.6567619852,1.3764216461,3.2732813276,1.3764216461,2.5405593568,1.4928354172
28,F2-13-7,13,7,894.322,3478.852,863.354,3.889932262,0.965372651,32,,4.4279353521,1.4424334859,4.0052687958,1.2545816831,3.5893112324,1.1807827606,2.9922108592,1.106983838,2.5158723592,1.1405288028,1.9321899718,1.2545816831,1.0398939085,1.6235762958,0.7312802324,1.7309201831,0.5769733944,1.8181370916,0.7446982183,1.905354,1.0264759225,1.8986450071,1.6571212606,2.0328248662,2.7238511409,2.1737137183,3.012337838,2.0462428521,3.4417133873,1.8919360141,4.1662846268,1.7778831338,3.9985598028,1.3820525493,3.6228561972,1.3552165775,2.9318299226,1.4223065071
29,F2-13-8,13,8,876.514,3156.279,804.806,3.600945336,0.9181895554,25,,4.3330739726,1.6907887381,3.9908090458,1.5059656777,3.5390193425,1.4101314982,2.840798892,1.266380229,2.4985339652,1.3211426172,1.9919818736,1.3759050055,1.0541759744,1.6360263498,0.8625076154,1.6702528425,0.7598281374,1.7455511264,0.8488170183,1.8276947088,1.0815571685,1.8345400073,1.7455511264,1.9851365751,2.649130533,2.2726391136,2.9024065788,2.2110314268,3.2652074011,2.1151972473,4.0455714341,2.0262083663,3.9702731502,1.7113246337,3.5595552381,1.7318605293,2.9229424744,1.8140041117
30,F2-13-9,13,9,888.02,3295.683,902.875,3.711271143,1.016728227,31,,4.3917929776,1.790500214,4.0674759577,1.5675322628,3.709375915,1.3918605437,2.9796626202,1.1553793833,2.5675097408,1.1621359879,2.0742776064,1.1756491971,1.0675435238,1.3986171483,0.8783585955,1.3986171483,0.6891736673,1.4459133803,0.8851152001,1.5675322628,1.0405171055,1.6215850994,1.7499605865,1.9323889102,2.6148059728,2.1756266751,2.918853179,2.1621134659,3.3715456859,2.0202247697,4.047206144,2.0540077926,4.0742325623,1.6959077498,3.6350532646,1.5810454719,2.9323663881,1.6080718903
31,F2-14-1,14,1,870.186,3882.042,894.181,4.461163475,1.027574565,32,,4.7644986244,1.7306644786,4.3232136578,1.4548613745,3.9508794671,1.3307499776,3.0338341458,1.1859533479,2.5373885583,1.2135336583,1.8892512635,1.3031696672,0.7653536141,1.5996580042,0.5102357427,1.6341333922,0.3171735698,1.7375595562,0.5240258979,1.7858250995,0.7584585365,1.8478807979,1.3790155208,2.0340478932,2.682185188,2.2546903765,3.0752046114,2.2202149885,3.6474960526,2.1029986693,4.4749053651,2.0685232812,4.3163185802,1.6341333922,3.8819286911,1.6272383146,3.1027849218,1.723769401
32,F2-14-10,14,10,780.369,4117.928,816,5.276898493,1.045659169,12,,5.3743805815,1.9067902492,4.9130603599,1.5915547645,4.4824948198,1.3993380055,3.3676376176,1.345517313,2.7371666481,1.3608946537,1.9529222714,1.4685360387,0.6458483102,1.6915074792,0.3152354848,1.7145734902,0.1153300554,1.7607055124,0.2921694737,1.8760355678,0.5920276177,1.9682996121,1.4992907202,2.2604690858,3.0293361218,2.4219311633,3.3676376176,2.3988651523,4.1441933239,2.2681577561,5.0207017449,2.1758937118,4.8899943488,1.6607527977,4.444051468,1.5838660941,3.4906563433,1.6684414681
33,F2-14-11,14,11,870,3672.005,810.555,4.220695402,0.9316724138,16,,4.5655172414,1.5655172414,4.2482758621,1.3862068966,3.8275862069,1.275862069,2.9793103448,1.2,2.5172413793,1.2275862069,1.8620689655,1.2965517241,0.7655172414,1.5103448276,0.5034482759,1.5172413793,0.3379310345,1.5448275862,0.524137931,1.6620689655,0.6965517241,1.6965517241,1.5172413793,2.0137931034,2.6482758621,2.1655172414,3.0689655172,2.1172413793,3.724137931,1.9793103448,4.3103448276,1.8620689655,4.2482758621,1.475862069,3.8,1.4620689655,3.0206896552,1.6344827586
34,F2-14-12,14,12,870.083,3504.082,846.085,4.027296246,0.9724187233,26,,4.613352979,1.6757022031,4.3237254377,1.4964089633,3.9168677011,1.3515951926,3.1100481218,1.2688444666,2.6066478715,1.2757403604,2.0067051074,1.3309075111,0.903362093,1.5860555832,0.7378606409,1.592951477,0.5792550826,1.6619104154,0.730964747,1.7584529292,0.9516333499,1.7722447169,1.5860555832,2.0756640458,2.7928370052,2.282540861,3.1307358034,2.2273737103,3.7306785674,2.0825599397,4.4064761638,1.9515379567,4.3306213315,1.6067432647,3.9099718073,1.5377843263,3.1514234849,1.7032857785
35,F2-14-13,14,13,864.521,3081.653,625.038,3.564578535,0.7229876429,15,,4.0947530482,1.3186492867,3.8310231909,1.1659635798,3.4701297019,1.0410389106,2.6858803893,1.0132778729,2.3458076785,1.04797917,1.7558856292,1.1312622828,0.7703687938,1.3949921402,0.652384384,1.4574544748,0.5413402335,1.5268570688,0.6732051622,1.5615583658,0.9369350195,1.5337973282,1.4574544748,1.7073038133,2.5470752012,1.7350648509,2.8246855773,1.7142440727,3.317443995,1.6101401817,3.9073660443,1.5615583658,3.8171426721,1.2353661739,3.4423686643,1.1937246174,2.8663271338,1.3186492867
36,F2-14-2,14,2,864.083,3445.024,792.091,3.986913294,0.9166839297,26,,4.2148728768,1.4720808071,3.8537964524,1.2776550401,3.4371698089,1.1665546018,2.7150169602,1.1248919375,2.2497838749,1.1596108244,1.6387314645,1.2359923757,0.5971648557,1.3887554784,0.3888515339,1.3609803688,0.2499759861,1.4026430331,0.4096828661,1.4998559166,0.833253287,1.6456752418,1.3887554784,1.9025950053,2.4094907549,2.020639221,2.7566796245,1.9998078888,3.2982942611,1.8470447862,3.9024028942,1.8053821219,3.8399088976,1.3748679236,3.3885633672,1.312373927,2.6664105184,1.4512494749
37,F2-14-3,14,3,870.186,3392.808,792.818,3.898945743,0.9110902727,20,,4.5990167619,1.427281064,4.2611579593,1.3100647448,3.8612434583,1.2342188911,3.1096799994,1.2617992016,2.7028704208,1.3652253656,2.1029986693,1.6755038578,1.1307927271,1.7030841682,0.9377305542,1.7789300219,0.7377733036,1.8409857203,0.9308354766,1.8616709531,1.2273238135,2.020257738,1.951306962,2.1167888245,2.8821424385,2.020257738,3.6337058974,1.9306217291,4.3094235026,1.5858678489,4.2473678041,1.5582875385,3.8474533031,1.689294013,3.082099689,4.5990167619,1.620343237,4.2611579593
38,F2-14-4,14,4,864.333,3279.432,828.196,3.79417655,0.9581908824,26,,4.2483626102,1.6937916289,3.8804488548,1.4022373321,3.5194768683,1.2911690286,2.7489405125,1.1662171871,2.2907837604,1.2356348768,1.7632093186,1.3675284873,0.715002204,1.7354422427,0.5831085936,1.7632093186,0.478982059,1.8534523153,0.6108756694,1.8951029291,0.7705363558,1.9298117739,1.5618980185,2.0478218464,2.5059785985,2.1172395362,2.7975328953,2.1102977672,3.3112237992,2.0061712326,3.9706918514,1.9506370808,3.8873906238,1.5341309426,3.4986515614,1.4577714839,2.6934063607,1.5549562495
39,F2-14-5,14,5,864.021,3081.092,702.41,3.56599203,0.8129547777,30,,4.104066915,1.409687959,3.7360203051,1.1805268622,3.3957507977,1.1041398299,2.6874346804,1.0694184516,2.3471651731,1.1319169326,1.7846788446,1.2013596892,0.8472016305,1.4444093373,0.6388733607,1.4513536129,0.5347092258,1.5485734722,0.652761912,1.6041276775,0.8472016305,1.6110719531,1.5416291965,1.7916231203,2.4443850323,1.9513414605,2.7499331613,1.8818987039,3.2499210089,1.7499574663,3.8471287156,1.6596818827,3.7637974077,1.2708024458,3.3749179707,1.2569138945,2.7013232317,1.3402452024
40,F2-14-6,14,6,876.514,3450.829,832.25,3.93699245,0.9494999509,31,,4.223549196,1.382750304,3.8607483737,1.2047725421,3.4500304616,1.1226289597,2.6285946374,1.1020930641,2.1836502326,1.1842366465,1.6017998572,1.2937614231,0.7119110476,1.6291810513,0.4586350018,1.7181699323,0.3354196282,1.8208494103,0.4586350018,1.855075903,0.691375152,1.8276947088,1.4375126923,2.0330536649,2.4848433682,2.1083519487,2.7723459066,2.0262083663,3.2925885953,1.8687665,3.9565825532,1.7250152308,3.8539030751,1.3142973187,3.4637210586,1.3074520202,2.6902023242,1.4375126923
41,F2-14-7,14,7,876.082,3132.207,660.981,3.575244098,0.7544738963,34,,4.2050858253,1.5478003201,3.9037441701,1.3765834705,3.540764449,1.2670046868,2.8285023548,1.191669273,2.4107332419,1.2327613169,1.8559906493,1.3149454047,1.0615444673,1.4930109282,0.780748834,1.5204056241,0.6574727023,1.568346342,0.77390016,1.6436817558,0.9862090535,1.7053198217,1.6642277778,1.9450234111,2.5408580475,2.0135101509,2.8627457247,1.951872085,3.3079095336,1.8696879972,3.9037441701,1.8354446273,3.8831981481,1.4793135802,3.4928237311,1.4382215363,2.8079563329,1.5341029721
42,F2-14-8,14,8,882.184,3528.005,822.35,3.999171375,0.9321751471,49,,4.4412503514,1.5983060223,4.0467748225,1.3262539334,3.6386966891,1.190227889,2.931361258,1.0950096578,2.4484688002,1.1018109601,1.9519737379,1.190227889,0.8841692889,1.4826838845,0.6461237112,1.5166903957,0.4692898534,1.5983060223,0.6325211067,1.679921649,0.8501627778,1.7003255557,1.5983060223,1.9519737379,2.6117000535,2.0403906668,2.9721690713,2.0199867601,3.3394393913,1.924768529,4.1147878447,1.8567555068,4.0399735203,1.4690812801,3.6250940847,1.435074769,2.8633482357,1.5234916979
43,F2-14-9,14,9,876.185,4182.62,901.998,4.773672227,1.029460673,20,,4.814051827,1.5681619749,4.4442669071,1.3490301706,4.0744819873,1.1915291862,3.1089324743,1.0956590218,2.5200157501,1.1367462351,1.8215331237,1.2257685306,0.5204380353,1.5681619749,0.2259796732,1.5818577127,0.1095659022,1.6503364016,0.2602190177,1.7530544349,0.5478295109,1.8078373859,1.4038131217,2.0817521414,2.7459954233,2.1776223058,3.2048026387,2.1296872236,3.8758937896,1.9379468948,4.5195934649,1.8557724681,4.4442669071,1.444900335,4.0060032984,1.4106609905,3.0883888676,1.5544662372
44,F2-15-10A,15,10A,870.021,3821.133,870.745,4.392000883,1.000832164,16,,4.6688528208,1.4827228308,4.3102407873,1.2620385025,3.8964576717,1.1654891089,3.027513129,1.0758361005,2.5102842345,1.1103180268,1.8827131759,1.1930746499,0.7654987638,1.5792722245,0.4758505829,1.6413396918,0.2896481809,1.7240963149,0.4827469682,1.8206457086,0.8551517722,1.7999565528,1.4689300603,1.9516770285,2.7378649481,2.12408666,3.0619950553,2.0758119632,3.7309444255,1.9102987169,4.4067901809,1.751681856,4.3171371726,1.3378987404,3.8757685159,1.3241059699,3.1171661374,1.3654842814
45,F2-15-11A ,15,11A ,876.185,3588.607,876.514,4.09571837,1.000375491,19,,4.0950255939,1.5544662372,3.8211108385,1.3490301706,3.4102387053,1.2120727928,2.5679508323,1.0545718085,2.0886000103,1.0545718085,1.3627259083,1.1230504973,0.301306231,1.4722918105,0.0479350822,1.561314106,0.0068478689,1.6503364016,0.0890222955,1.7051193526,0.2739147554,1.6982714838,0.9860931196,1.9310990259,2.2392531258,2.1159914858,2.64327739,2.0269691903,3.2664334587,1.8694682059,3.8553501829,1.8283809926,3.7731757563,1.4791396794,3.3828472298,1.4106609905,2.6706688656,1.4585960727
46,F2-15-1A,15,1A,864,3150.091,840,3.645938657,0.9722222222,27,,4.5277777778,1.5277777778,4.2013888889,1.3055555556,3.8263888889,1.1875,3.0277777778,1.0694444444,2.6736111111,1.0972222222,2.0972222222,1.1458333333,1.375,1.3541666667,1.0069444444,1.4375,0.8472222222,1.5069444444,1.0069444444,1.5972222222,1.25,1.625,1.8958333333,1.8611111111,2.7708333333,2.0416666667,3.0972222222,2.0347222222,3.5902777778,1.875,4.2152777778,1.8333333333,4.1875,1.4236111111,3.8125,1.3541666667,3.1180555556,1.4375
47,F2-15-2A,15,2A,882.02,3540.02,936.019,4.013537108,1.061221968,49,,4.3944581756,1.6666288746,4.0135144328,1.4217364686,3.6121629895,1.2992902655,2.8638806376,1.1632389288,2.4421214938,1.1428312283,1.7482596767,1.2176594635,0.8503208544,1.5373801048,0.5578104805,1.5713929389,0.3741411759,1.653023741,0.4829822453,1.7550622435,0.7890977529,1.7618648103,1.5169724043,2.0339674837,2.5305548627,2.2108342214,2.7754472688,2.1904265209,3.4080859844,2.0339674837,4.1223555021,1.9727443822,4.0067118659,1.5849980726,3.6053604227,1.5509852384,2.8366703703,1.6598263078
48,F2-15-3A,15,3A,870.186,3259.243,798.812,3.745455569,0.9179784552,39,,4.0267253208,1.3652253656,3.640600975,1.1238976495,3.2613717067,1.0204714854,2.5304934807,0.9515207094,2.1236839021,0.9859960974,1.5789727713,1.0894222614,0.5378160531,1.3790155208,0.3585440354,1.3997007536,0.2482227937,1.4893367625,0.4481800443,1.5307072281,0.6205569844,1.5651826161,1.2273238135,1.7651398666,2.2409002213,1.8823561859,2.5649688687,1.8685660307,3.082099689,1.7168743234,3.6612862078,1.6686087802,3.6268108198,1.2480090463,3.2200012411,1.1928484255,2.5098082479,1.3169598224
49,F2-15-4A,15,4A,870.021,2972.302,882.734,3.416356617,1.014612291,48,,4.0205926064,1.4689300603,3.6481878024,1.3034168141,3.2550938426,1.2551421173,2.5378697756,1.220660191,2.2758071357,1.2413493467,1.8620240201,1.2965204288,1.0827324858,1.5585830687,0.744809608,1.6551324623,0.6275710586,1.7034071591,0.7517059933,1.779267397,1.0344577889,1.806852938,1.5378939129,1.9171951022,2.524077005,2.2275324389,2.655108325,2.2068432831,3.027513129,2.0206408811,3.7240480402,1.8206457086,3.6619805729,1.5103083719,3.2344046868,1.5378939129,2.6137300134,1.7999565528
50,F2-15-5A,15,5A,864.187,2911.583,690.104,3.369158527,0.7985586453,24,,4.4851403689,1.430246,4.1657650485,1.2636153981,3.7700173689,1.1941859806,3.0271226019,1.1803000971,2.5897172718,1.1941859806,2.228684301,1.2358436311,1.5760477767,1.4163601165,1.2705583398,1.4927324757,1.1455853883,1.5482760097,1.2705583398,1.6177054272,1.4441318835,1.6385342524,2.0481678155,1.8607083883,2.8952067087,2.0203960485,3.0965520194,1.9648525146,3.686702068,1.8259936796,4.2421374078,1.7079636699,4.1727079903,1.3399877573,3.7630744272,1.3122159903,3.1173808447,1.3816454078
51,F2-15-6A,15,6A,864.021,3523.655,780.023,4.078205275,0.9027824555,41,,4.5068349033,1.5485734722,4.2498967039,1.3263566511,3.8471287156,1.1666383109,3.0207599121,1.0763627273,2.5693819942,1.0763627273,1.7707902933,1.0902512786,0.8541459062,1.3055238241,0.5416535015,1.347189478,0.4236008153,1.4235765103,0.5763748798,1.4860749912,0.8472016305,1.4860749912,1.4513536129,1.7013475367,2.6457690264,1.9930071144,3.0554812904,1.9652300118,3.7082432024,1.7916231203,4.2707295309,1.756901742,4.2221196013,1.3819108563,3.8124073373,1.3402452024,3.1179797713,1.3263566511
52,F2-15-7A,15,7A,738.878,3901.181,822.022,5.279871643,1.112527373,22,,0.2030105105,1.8108537539,0.6252723724,1.5103981983,1.0637750752,1.3804714716,2.1275501504,1.2749060061,2.7528225228,1.2830264266,3.5242624628,1.3561102103,4.5393150155,1.5510003005,5.262032433,1.6484453455,5.4488021026,1.6890474476,5.2539120125,1.7702516518,4.8072888894,1.8839375377,3.9952468472,2.160031832,2.4604873876,2.3874036038,1.9895030032,2.3874036038,1.3317489491,2.2087543546,0.5521885886,2.1194297299,0.6333927929,1.6484453455,1.0637750752,1.5916024026,1.9813825828,1.6403249251
53,F2-15-8A,15,8A,750,3645.088,811.798,4.860117333,1.082397333,22,,0.304,1.856,0.656,1.584,1.072,1.44,2.04,1.288,2.624,1.328,3.496,1.432,4.688,1.856,4.952,1.952,5.112,2.032,4.928,2.112,4.696,2.128,3.824,2.328,2.408,2.496,1.832,2.32,1.304,2.224,0.544,2.152,0.64,1.728,1.048,1.736,1.976,1.832
54,F2-15-9A,15,9A,876.185,3630.317,894.081,4.143322472,1.02042491,24,,4.2182872339,1.7599023037,3.971763954,1.5544662372,3.608826903,1.4106609905,2.6912124723,1.2189206617,2.2461009947,1.2394642684,1.5202268927,1.321638695,0.3766327887,1.6366406638,0.2465232799,1.6366406638,0.0890222955,1.7188150904,0.2533711488,1.8146852548,0.5135901665,1.8283809926,1.2668557439,2.0680564036,2.3830583724,2.2461009947,2.7870826367,2.1981659125,3.4170865742,2.0406649281,3.9649160851,2.0201213214,3.9169810029,1.6640321393,3.5198046075,1.6024013194,2.7939305055,1.6503364016
55,F2-16-10A,16,10A,870.083,3313.065,726.223,3.807757421,0.834659452,37,,4.1858075609,1.7446611415,3.8685964442,1.5722637955,3.5238017522,1.4274500249,2.8549000498,1.2619485727,2.3790833748,1.2619485727,1.7722447169,1.3653869803,0.6620058086,1.592951477,0.4965043565,1.592951477,0.3516905858,1.6343268401,0.4620248873,1.72397346,0.7033811717,1.7377652477,1.4688253879,2.027392789,2.454938207,2.1515188781,2.8411082621,2.1032476212,3.3651961939,2.0204968951,3.9789307457,1.9722256382,3.8823882319,1.6963898846,3.4962181769,1.6619104154,2.8549000498,1.7101816723
56,F2-16-11A,16,11A,876.329,3722.786,801.803,4.248160223,0.9149565974,31,,4.5873182332,1.5199770862,4.2929082571,1.3214215209,3.9026438701,1.2050268792,3.067341147,1.116019212,2.5743756055,1.1639464174,1.9102414732,1.2529540846,0.7189080813,1.6021380098,0.5340460033,1.6295249843,0.3834176434,1.691145677,0.5340460033,1.7527663697,0.7599885431,1.7527663697,1.4652031372,1.9650154223,2.7797779145,2.0677165768,3.1631955578,2.0540230895,3.7794024847,1.8760077551,4.3819159243,1.766459857,4.2792147698,1.4104291881,3.9094906137,1.37619547,3.1631955578,1.4857433681
57,F2-16-12A,16,12A,900.18,3642.969,829.065,4.046933947,0.9209991335,29,,4.5257615144,1.7263214024,4.2191561688,1.5130307272,3.8458974872,1.366393388,3.0860494568,1.2264213824,2.6394721056,1.2464173832,1.9862694128,1.3397320536,0.8731587016,1.699660068,0.6198760248,1.7529827368,0.4799040192,1.83296674,0.6465373592,1.8796240752,1.0131307072,1.9062854096,1.5730187296,2.0529227488,2.7461174432,2.1595680864,3.1060454576,2.1462374192,3.7259214824,1.9729387456,4.2458175032,1.9596080784,4.1924948344,1.6130107312,3.8392321536,1.566353396,3.0527227888,1.6396720656
58,F2-16-13A,16,13A,871.013,3624.243,793.113,4.160951674,0.9105639066,23,,4.3191088996,1.8185721683,4.0022364764,1.6394703638,3.6509213984,1.5085882759,2.8311862165,1.4121488428,2.4040972982,1.4121488428,1.6945786113,1.5085882759,0.5579710062,1.7979065754,0.2755412376,1.846126292,0.1584362116,1.9012345396,0.3237609542,1.9563427871,0.6199677846,1.9907854418,1.274378224,2.1423331225,2.5143137932,2.3489890507,2.886294464,2.307657865,3.5269278415,2.1147789987,4.0986759095,2.0458936893,4.0160135383,1.729021266,3.6164787437,1.6601359566,2.886294464,1.6945786113
59,F2-16-14A,16,14A,900.32,3690.59,823.4,4.099198063,0.9145637107,19,,4.4517504887,1.7460458504,4.0918784432,1.5261240448,3.7519992891,1.4261595877,2.9256264439,1.3261951306,2.4591256442,1.3328594278,1.8593389017,1.3995023991,1.006308868,1.6127599076,0.526479474,1.7327172561,0.3798649369,1.7993602275,0.5398080682,1.8460103074,0.766394171,1.872667496,1.4994668562,2.0859250044,2.592411587,2.2858539186,2.9589479296,2.2258752444,3.6053847521,2.0326106273,4.1985071974,1.9726319531,4.0852141461,1.6460813933,3.745334992,1.5994313133,2.9189621468,1.7127243647
60,F2-16-15A,16,15A,882.082,3258.088,732.885,3.693633925,0.8308581288,23,,4.2853158777,1.7005221737,3.9860239751,1.5508762224,3.6527216291,1.4284386259,2.8568772518,1.3128031181,2.516772817,1.3264072955,1.850168125,1.4012302711,1.0135112155,1.6188971093,0.7414276677,1.6529075528,0.5713754504,1.7141263511,0.7482297564,1.7753451493,0.9250840625,1.782147238,1.4760532468,1.9453973667,2.6188041475,2.1426579388,2.9793148483,2.1154495841,3.5302840326,1.9998140762,3.9452114429,1.9453973667,3.9928260638,1.6597096415,3.6051070082,1.625699198,2.986116937,1.7141263511
61,F2-16-16A,16,16A,888.324,3798.384,882.51,4.275899334,0.9934550907,34,,4.5794102152,1.742607427,4.2822213517,1.5805044106,3.8702095181,1.4251556864,2.9786429276,1.3103327164,2.5058424629,1.3170870088,1.9317276129,1.3441041782,0.8780580059,1.5805044106,0.5065719265,1.6412930417,0.3309603253,1.6885730882,0.4525375876,1.7831331811,0.6349034812,1.7966417658,1.3238413011,2.0465505829,2.6949626488,2.2897051076,3.0664487282,2.2424250611,3.7216150864,2.087076337,4.3295013981,1.9925162441,4.2619584746,1.6412930417,3.8702095181,1.5940129953,3.120483067,1.6345387494
62,F2-16-17A,16,17A,870.517,2736.322,564.128,3.143329768,0.6480378901,23,,3.7494959892,1.7093290539,3.5289374016,1.5852648484,3.1980995202,1.4612006428,2.557101125,1.3853836283,2.1918009643,1.3991685401,1.6817592304,1.4749855546,0.9442664532,1.6679743187,0.7168154097,1.7162215097,0.6203210276,1.7713611566,0.6754606745,1.8127158918,0.8822343504,1.8265008035,1.3715987166,1.9436725532,2.253833067,2.0884141263,2.6260256836,2.0332744794,3.1636372409,1.9436725532,3.5702921367,1.9092102739,3.508260034,1.654189407,3.1980995202,1.6197271277,2.6260256836,1.6610818628
63,F2-16-18A,16,18A,883.305,2034.08,852.76,2.302805939,0.9654196455,NA,pacman fish,3.3284086471,1.793265067,3.049909148,1.6506189821,2.7102756126,1.5079728972,2.1600692852,1.3245707881,1.8068504084,1.3653268124,1.467216873,1.5419362508,1.1547540204,1.7321310306,1.093619984,1.7796797256,1.0460712891,1.8272284205,1.093619984,1.9223258105,1.1683393618,1.956289164,1.3177781174,1.8679844448,1.9766671761,2.3163007115,2.234788663,2.2483740044,2.6627269177,2.0989352489,3.1110431844,2.0378012125,3.0227384652,1.7864723963,2.6627269177,1.7525090427,2.071764566,1.8136430791
64,F2-16-1A,16,1A,888.02,2828.547,702,3.185228936,0.790522736,32,,3.7836985653,1.7972568185,3.4593815455,1.5810454719,3.1756041531,1.4459133803,2.4796738812,1.3580775208,2.1621134659,1.3580775208,1.6418549132,1.3783473345,0.8783585955,1.5675322628,0.6756604581,1.6013152857,0.581067994,1.6486115178,0.6891736673,1.7229341681,0.8040359451,1.7432039819,1.3851039391,1.9323889102,2.1891398842,2.1350870476,2.4594040675,2.128330443,3.0269588523,2.0202247697,3.4593815455,2.0202247697,3.4593815455,1.7229341681,3.1080381072,1.6823945407,2.5202135087,1.7026643544
65,F2-16-2A,16,2A,882.02,3759.238,960.019,4.262077957,1.088432235,57,,4.5849300469,1.8434956123,4.2584068388,1.6122083399,3.9046733634,1.4761570032,3.054352509,1.2584748645,2.5917779642,1.2720799982,1.897916147,1.3333030997,0.7346772182,1.6258134736,0.5442053468,1.6326160405,0.4013514433,1.6870365751,0.5442053468,1.7822725108,0.741479785,1.8230879118,1.4353416022,2.0815854516,2.7482370014,2.3400829913,3.09516791,2.2992675903,3.7278066257,2.1700188204,4.2992222399,2.1019931521,4.2448017052,1.7822725108,3.8230425614,1.7006417088,3.0747602095,1.7958776445
66,F2-16-3A,16,3A,888.02,3150.28,780.369,3.547532713,0.8787741267,41,,4.2499042814,1.6080718903,3.9053174478,1.4324001712,3.547217405,1.3107812887,2.918853179,1.1621359879,2.5539965316,1.1553793833,2.128330443,1.2026756154,1.290511475,1.4391567757,0.837818968,1.499966217,0.7162000856,1.5742888674,0.8310623635,1.6215850994,1.081056733,1.6891511452,1.7229341681,1.8850926781,2.6215625774,2.0877908155,2.9593928065,2.0134681651,3.2769532218,1.918875701,3.8782910295,1.8986058873,3.8850476341,1.5405058445,3.5134343821,1.5337492399,2.8783135515,1.6080718903
67,F2-16-4A,16,4A,894.181,3253.793,715.234,3.63885276,0.7998760877,40,,4.0528707275,1.7311931253,3.7374983365,1.5500217517,3.3885756911,1.3889805308,2.6638901967,1.3017498694,2.2612871443,1.2950398186,1.6372524131,1.4158207343,0.6441648838,1.7714534306,0.5099638664,1.7848735323,0.4361533068,1.8251338376,0.5099638664,1.8855242954,0.6642950365,1.905654448,1.3017498694,1.9995951603,2.3887781109,2.1807665338,2.7980912142,2.0734057199,3.3348952841,1.9459147533,3.7844686926,1.9392047024,3.7442083873,1.6305423622,3.3617354876,1.5835720061,2.757830909,1.5969921079
68,F2-16-5A,16,5A,876.021,2893.798,691.277,3.303343185,0.7891100784,32,,3.8492227926,1.8218741332,3.4999160979,1.6232487577,3.164307705,1.5205114946,2.5204875226,1.4246233823,2.1848791296,1.4657182876,1.7054385683,1.554757249,0.773954049,1.8424215858,0.6575184841,1.8766673402,0.5342337684,1.9520079998,0.6369710315,1.9999520559,0.773954049,2.0136503577,1.4314725332,2.1232367717,2.273918091,2.2465214875,2.5410349752,2.1848791296,2.938285726,2.1026893191,3.5889550593,2.0478961121,3.5136143997,1.7602317753,3.1300619506,1.7465334735,2.5204875226,1.8150249823
69,F2-16-6A,16,6A,894.181,3427.896,810,3.833559425,0.9058568679,54,,4.3615330677,1.9123644989,4.0059003714,1.6372524131,3.6703978277,1.4963413448,2.9188721299,1.3420101747,2.5028489758,1.3621403273,1.9190745498,1.4493709886,0.9192769697,1.6640926166,0.6710050873,1.7244830745,0.5233839681,1.7714534306,0.6642950365,1.8653941428,0.9662473258,1.9123644989,1.8251338376,2.1606363812,2.596789688,2.2814172969,2.9390022825,2.22773689,3.2946349788,2.1472162795,4.0998410836,2.1337961777,3.9991903205,1.8385539393,3.603297319,1.8117137358,2.8853218755,1.851974041
70,F2-16-7A,16,7A,1008.161,2745.47,699.122,2.723245593,0.6934626513,26,,3.6006153779,1.6604490751,3.3447038717,1.4938090246,3.0590352136,1.3688289866,2.5234064797,1.327168974,2.2139321001,1.3628775563,1.8092348345,1.4402461512,1.2200432272,1.6544976447,0.9998403033,1.7199633789,0.9224717084,1.7794776826,0.9819860122,1.8151862649,1.0831603286,1.8211376953,1.6068862017,1.9580205939,2.2734464039,2.0056320369,2.6424350873,1.9639720243,2.9042980238,1.8449434168,3.3744610236,1.833040556,3.3387524413,1.5830804802,3.0352294921,1.5295176068,2.5353093405,1.5711776194
71,F2-16-8A,16,8A,864.083,3348.973,728.475,3.875753834,0.8430613726,32,,4.4579050855,1.6317876871,4.0551659968,1.4373619201,3.687145795,1.3401490366,2.9649929463,1.2915425949,2.5761414123,1.3262614818,1.9650890019,1.4304181427,0.833253287,1.7914945671,0.7013215166,1.8331572314,0.5832773009,1.8748198958,0.6943777392,1.9164825601,0.9304661705,1.9650890019,1.7081692384,2.1109083271,2.728904515,2.2428400975,3.1177560489,2.1317396593,3.4649449185,2.0275829984,4.2079290994,1.9442576697,4.0621097742,1.5762374679,3.6732582402,1.5554061358,2.9441616141,1.6317876871
72,F2-16-9A,16,9A,882.184,3337.057,925.946,3.782722199,1.049606431,63,,4.2440125869,1.6867229512,3.8767422669,1.5302930001,3.5026706447,1.4622799779,2.8361430269,1.3330552356,2.4756740091,1.2990487245,1.9655763424,1.3534591423,0.8433614756,1.7139281601,0.6393224089,1.7479346712,0.5100976667,1.7615372757,0.5577067823,1.8907620179,0.7821497556,1.8567555068,1.4894851868,1.9995828535,2.5708922402,2.4212635913,2.870149538,2.3192440579,3.4686641336,2.108403689,4.0263709158,1.9995828535,3.9039474758,1.6595177423,3.4890680402,1.6595177423,2.7613287024,1.7615372757
73,F2-2-10A,2,10A,864,3769.38,852.528,4.362708333,0.9867222222,56,,4.5972222222,1.5069444444,4.2291666667,1.3194444444,3.8611111111,1.2013888889,3.0347222222,1.1180555556,2.5138888889,1.1388888889,1.8125,1.2291666667,0.7291666667,1.5416666667,0.4236111111,1.5763888889,0.25,1.6388888889,0.4027777778,1.7291666667,0.6527777778,1.7569444444,1.4444444444,2,2.6805555556,2.1180555556,3.0694444444,2.0763888889,3.6736111111,1.9166666667,4.3680555556,1.7986111111,4.2291666667,1.4444444444,3.8680555556,1.4375,3.0486111111,1.4652777778
74,F2-2-11A,2,11A,864.021,3606.005,816.551,4.173515459,0.9450592057,31,,4.4443364224,1.7638460176,4.124899742,1.6249605044,3.798518786,1.5346849209,3.0415927391,1.4235765103,2.451329308,1.4027436833,1.7430131907,1.4652421643,0.7916474252,1.6666261584,0.4097122639,1.715236088,0.2430496481,1.777734569,0.3749908856,1.8402330499,0.652761912,1.8818987039,1.3819108563,2.1527254546,2.5346606159,2.3471651731,3.0415927391,2.3471651731,3.5346363109,2.2082796599,4.2221196013,2.0902269736,4.1526768447,1.7291246393,3.7707416834,1.7430131907,3.0138156364,1.8124559473
75,F2-2-12A,2,12A,870,3855.405,870.083,4.4315,1.000095402,44,,4.6689655172,1.8827586207,4.3448275862,1.675862069,3.9724137931,1.524137931,3.1310344828,1.3448275862,2.5793103448,1.3172413793,1.8620689655,1.3448275862,0.6896551724,1.5931034483,0.3724137931,1.6,0.2206896552,1.7517241379,0.3862068966,1.8068965517,0.8275862069,1.8344827586,1.4551724138,2.0965517241,2.7172413793,2.3379310345,3.1862068966,2.3172413793,3.7310344828,2.2206896552,4.4275862069,2.1517241379,4.3310344828,1.7793103448,3.9310344828,1.7103448276,3.124137931,1.7034482759
76,F2-2-1A,2,1A,888.182,3558.081,888,4.006026918,0.999795087,39,,4.3977473085,1.7969290078,3.992424976,1.6010232137,3.6614117377,1.4996926306,2.9926298889,1.3713405586,2.479221601,1.3713405586,1.8104397522,1.4524050251,0.8781983873,1.7496414023,0.5539405212,1.80368438,0.3985669604,1.8577273577,0.5134082879,1.9455471964,0.9187306205,1.9995901741,1.5875124693,2.188740596,2.4589554843,2.3643802734,3.0196513778,2.3035819235,3.350664616,2.2090067126,4.1410431646,2.1076761294,3.9856696038,1.769907519,3.6343902488,1.769907519,2.8845439336,1.8847488465
77,F2-2-2A,2,2A,888.081,4134.627,984.457,4.655686812,1.108521633,51,,4.7765913244,1.4863509072,4.3914913167,1.2769105521,4.0671965733,1.1755684448,3.0537755002,0.9931526516,2.5605772446,1.0134210731,1.7228158242,1.1012508994,0.7566877346,1.3647403784,0.2297087766,1.4795947667,0.0945859668,1.5741807335,0.2364649171,1.6552544194,0.6215649248,1.6957912623,1.3714965189,1.9390123198,2.7362368973,2.134940394,3.1280930456,2.1146719725,3.7631702514,1.9052316174,4.506345705,1.7836210886,4.4117597381,1.4525702047,4.0334158708,1.4390579238,3.1348491861,1.5471561716
78,F2-2-3A,2,3A,864.333,3300.66,768.375,3.818736529,0.8889802888,42,,0.3262631416,1.6174321702,0.6386427453,1.3952955632,1.0412653456,1.2564601837,1.7632093186,1.1384501112,2.2074825328,1.1523336492,2.7836493574,1.2148095699,3.5541857131,1.436946177,4.0539930791,1.4924803288,4.1372943067,1.5549562495,3.9776336204,1.6174321702,3.7138463995,1.672966322,2.7211734366,1.9020446981,2.0755889223,2.0269965395,1.7146169358,2.0200547706,1.1176248043,1.915928236,0.5692250556,1.8673358532,0.6386427453,1.4785967908,1.0134982698,1.443887946,1.7215587048,1.443887946
79,F2-2-4A,2,4A,876,3313.57,840,3.782614155,0.9589041096,43,,4.1095890411,1.7671232877,3.7054794521,1.5547945205,3.3150684932,1.4726027397,2.7054794521,1.3561643836,2.1643835616,1.3767123288,1.5753424658,1.4726027397,0.7671232877,1.7671232877,0.4520547945,1.8356164384,0.301369863,1.9178082192,0.4657534247,1.9863013699,0.8698630137,2.0205479452,1.4520547945,2.1780821918,2.3630136986,2.3424657534,2.7534246575,2.3287671233,3.0616438356,2.1917808219,3.8493150685,2.0821917808,3.6780821918,1.7534246575,3.301369863,1.7671232877,2.5547945205,1.9109589041
80,F2-2-5A,2,5A,852.528,2793.411,750.216,3.276620827,0.8799898654,41,,0.5348797928,1.7665108947,0.8023196892,1.5905635944,1.2034795338,1.4357299702,1.8087382467,1.309047914,2.1324812792,1.344237374,2.681436856,1.358313158,3.4415291932,1.5201846743,3.6878554135,1.5764878104,3.8215753617,1.6327909465,3.7160069816,1.6609425145,3.4344913012,1.7313214346,2.9207251844,1.9283824109,2.0832160351,2.1747086313,1.8017003547,2.1747086313,1.4498057542,2.0832160351,0.8093575812,2.012837115,0.8093575812,1.7383593266,1.1823658578,1.7313214346,1.8791171668,1.7665108947
81,F2-2-6A,2,6A,858,3079.146,720.1,3.588748252,0.8392773893,36,,3.8251748252,1.6153846154,3.5104895105,1.4615384615,3.1258741259,1.3356643357,2.4405594406,1.2517482517,2.0629370629,1.2587412587,1.5104895105,1.3216783217,0.8041958042,1.5734265734,0.3566433566,1.6783216783,0.2517482517,1.7482517483,0.3916083916,1.8251748252,0.6643356643,1.8391608392,1.2587412587,1.979020979,2.1468531469,2.1048951049,2.4755244755,2.0909090909,3.006993007,1.965034965,3.5874125874,1.9160839161,3.5034965035,1.5524475524,3.0979020979,1.5034965035,2.4055944056,1.5104895105
82,F2-2-7A,2,7A,870,4074.384,882.02,4.6832,1.013816092,47,,0.0827586207,1.724137931,0.4620689655,1.5310344828,0.8620689655,1.4137931034,1.7448275862,1.3034482759,2.2620689655,1.3103448276,3.0413793103,1.324137931,3.8689655172,1.4275862069,4.675862069,1.3793103448,4.7724137931,1.4482758621,4.6206896552,1.5862068966,4.2137931034,1.7172413793,3.4620689655,2.075862069,2.1586206897,2.3103448276,1.6482758621,2.3034482759,0.9655172414,2.1517241379,0.2896551724,2.0482758621,0.4620689655,1.6137931034,0.8551724138,1.5793103448,1.7172413793,1.5931034483
83,F2-2-8A,2,8A,870,3948.041,894.02,4.537978161,1.027609195,38,,4.675862069,1.6344827586,4.2896551724,1.4413793103,3.9310344828,1.3379310345,3.1103448276,1.2068965517,2.5379310345,1.2275862069,1.7931034483,1.275862069,0.6689655172,1.5172413793,0.3517241379,1.5310344828,0.1448275862,1.6275862069,0.324137931,1.7103448276,0.6137931034,1.7724137931,1.4965517241,2.0896551724,2.7655172414,2.2413793103,3.0827586207,2.2275862069,3.6482758621,2.1103448276,4.4344827586,1.9448275862,4.2965517241,1.6206896552,3.8896551724,1.6137931034,3.1034482759,1.7448275862
84,F2-2-9A,2,9A,870,3601.225,774.023,4.13933908,0.8896816092,29,,4.4275862069,1.4896551724,4.1172413793,1.3448275862,3.7655172414,1.2551724138,2.9931034483,1.1931034483,2.4689655172,1.2482758621,1.8,1.3379310345,0.7862068966,1.6413793103,0.4551724138,1.6965517241,0.3379310345,1.7793103448,0.4551724138,1.8413793103,0.8137931034,1.8827586207,1.5034482759,2,2.6344827586,2.0896551724,3.0551724138,2.075862069,3.6344827586,1.9172413793,4.2275862069,1.8,4.1172413793,1.4275862069,3.7517241379,1.3931034483,3,1.4137931034
85,F2-3-10A,3,10A,894.181,4020.018,906.497,4.495754215,1.013773498,29,,4.5695446448,1.5097614465,4.1937817959,1.2681996151,3.7710485908,1.167548852,2.9725525369,1.0668980889,2.3619379074,1.0467679362,1.6909328201,1.1071583941,0.9259870205,1.2950398186,0.2415618314,1.4695011413,0.0939407122,1.5231815483,0.2549819332,1.6104122096,0.5233839681,1.6238323114,1.3017498694,1.9324946515,2.543109281,2.0801157707,2.9859726386,2.0398554655,3.7911787435,1.8721041937,4.3548230168,1.7848735323,4.1937817959,1.3889805308,3.7777586417,1.3487202255,2.9457123334,1.4024006325
86,F2-3-11A,3,11A,870,3426.336,750,3.938317241,0.8620689655,54,,4.1862068966,1.3931034483,3.8689655172,1.1862068966,3.5103448276,1.075862069,2.8344827586,0.9862068966,2.2551724138,1,1.7517241379,1.0620689655,1.0206896552,1.2137931034,0.4482758621,1.2896551724,0.3034482759,1.3379310345,0.4344827586,1.4137931034,0.7724137931,1.4827586207,1.4275862069,1.7310344828,2.4620689655,1.9103448276,2.8482758621,1.8482758621,3.4482758621,1.7034482759,3.9586206897,1.6344827586,3.8620689655,1.2896551724,3.4965517241,1.2482758621,2.7448275862,1.3379310345
87,F2-3-12A,3,12A,894.02,3984.366,894,4.456685533,0.9999776291,39,,4.7851278495,1.6241247399,4.4428536274,1.4563432585,4.0871568869,1.3825194067,3.3958971835,1.2415829623,2.6576586654,1.2348717031,1.9731102212,1.2550054809,0.838907407,1.4496319993,0.4966331849,1.4898995548,0.3087179258,1.5637234066,0.4563656294,1.650969777,0.81206237,1.7382161473,1.5100333326,1.9865327398,2.858996443,2.2348493322,3.4227422205,2.2147155545,3.9126641462,2.1006241471,4.5837900718,1.8992863694,4.4428536274,1.6039909622,4.0871568869,1.6174134807,3.2549607391,1.7717724436
88,F2-3-13A,3,13A,876.082,3702.078,834,4.22572088,0.9519656836,45,,4.4653354366,1.5067082762,4.1639937814,1.3354914266,3.7804680384,1.2190639689,2.9723245084,1.0683931413,2.4449766118,1.0820904892,1.8217472794,1.1437285551,0.8834789438,1.4039781664,0.4520124828,1.4724649063,0.2739469593,1.5478003201,0.4657098308,1.6299844079,0.7533541381,1.6505304298,1.4313728624,1.9039313672,2.6435881573,2.0135101509,2.9791731824,2.0135101509,3.7325273205,1.9244773891,4.2667238911,1.8012012574,4.1434477595,1.4519188843,3.7667706904,1.4176755144,2.9791731824,1.4382215363
89,F2-3-14A,3,14A,888.02,2880.1,600,3.243282809,0.6756604581,41,,3.4999211729,1.4459133803,3.1823607576,1.2702416612,2.8580437378,1.1891624063,2.2972455575,1.1959190108,1.8850926781,1.2297020337,1.4121303574,1.2567284521,0.6959302718,1.3513209162,0.3445868336,1.3851039391,0.2229679512,1.418886962,0.3513434382,1.4594265895,0.6891736673,1.5405058445,1.1215963604,1.7364473773,2.0404945835,1.8918492827,2.3648116033,1.8783360735,2.9391229927,1.7432039819,3.2904664309,1.6688813315,3.1823607576,1.3918605437,2.8445305286,1.3513209162,2.209409698,1.418886962
90,F2-3-1A,3,1A,852.19,3173.11,714,3.723477159,0.8378413265,42,,4.3088982504,1.4926248841,3.9850268133,1.3658925826,3.6259519591,1.253241648,2.9218836175,1.1969161807,2.4783205623,1.2250789143,1.9432286227,1.3166077987,1.0983466128,1.5982351354,0.7322310752,1.6827233363,0.6336615074,1.7390488037,0.7815158591,1.8094556378,1.0420211455,1.8376183715,1.6756826529,1.9854727232,2.6472969643,2.0558795574,2.9500463512,2.0417981905,3.4851382908,1.8939438388,4.0765556977,1.795374271,3.9709454464,1.42221805,3.6189112757,1.4010959997,2.879639517,1.4433401002
91,F2-3-2A,3,2A,858.021,3684.728,872.974,4.29444967,1.017427312,41,,4.5173719524,1.6363235865,4.1747229963,1.3985671679,3.8250812043,1.2726961228,3.0348907544,1.0559182118,2.4964423948,1.0349397043,1.8251301542,1.048925376,0.8810973158,1.1957749286,0.4265629862,1.2587104511,0.2657277619,1.307660302,0.4335558221,1.3985671679,0.6643194048,1.4684955263,1.3496173171,1.83212299,2.5943420965,2.0978507519,3.0418835903,2.0768722444,3.6922173234,1.9440083634,4.2516441905,1.9090441842,4.1607373246,1.5174453772,3.7761313534,1.4545098547,2.9299982168,1.4894740339
92,F2-3-3A,3,3A,876,3158.514,750.024,3.605609589,0.8561917808,28,,4.0616438356,1.5136986301,3.7123287671,1.2602739726,3.3493150685,1.1712328767,2.7328767123,1.0547945205,2.3219178082,1.0753424658,1.7876712329,1.1164383562,1.0068493151,1.2876712329,0.6575342466,1.3561643836,0.4863013699,1.4109589041,0.6369863014,1.5068493151,0.9383561644,1.5410958904,1.5684931507,1.7397260274,2.2945205479,1.8630136986,2.7671232877,1.8835616438,3.3082191781,1.8082191781,3.7739726027,1.7808219178,3.7054794521,1.4520547945,3.3150684932,1.404109589,2.6232876712,1.4657534247
93,F2-3-4A,3,4A,876.739,3210,756.024,3.661294867,0.8623136418,42,,4.1266557094,1.6150758664,3.7844786191,1.3892389867,3.4559886123,1.2865858596,2.7853215153,1.1497150235,2.3473348397,1.1634021071,1.8545998296,1.2181504416,0.992313562,1.4303002376,0.602231679,1.5397969065,0.4653608429,1.6082323246,0.6227623044,1.6835112844,0.8622862676,1.7040419099,1.6082323246,1.8614433714,2.4294573414,2.018844833,2.7990085989,1.9914706657,3.3670225689,1.909348164,3.8666011207,1.8614433714,3.7844786191,1.5261098229,3.4286144451,1.5124227393,2.7442602645,1.5740146155
94,F2-3-5A,3,5A,882.02,3799.066,804.022,4.307233396,0.9115688987,50,,4.7617967847,1.6462211741,4.4624838439,1.4217364686,4.0679349675,1.278882565,3.2652320809,1.2040543298,2.7414344346,1.2108568967,1.9455341149,1.2720799982,1.0203850253,1.4557493027,0.5850207478,1.5101698374,0.4421668443,1.5577878053,0.5918233147,1.6598263078,0.8843336886,1.7074442756,1.653023741,2.0067572164,2.8978934718,2.1428085531,3.3604680166,2.0951905852,3.8842656629,1.9591392485,4.5441146459,1.8843110134,4.4488787102,1.5101698374,4.0407247001,1.4557493027,3.2992449151,1.4829595701
95,F2-3-6A,3,6A,864,3438,828.022,3.979166667,0.9583587963,48,,4.5138888889,1.7916666667,4.1041666667,1.5347222222,3.7083333333,1.4027777778,2.9930555556,1.2916666667,2.4652777778,1.3402777778,1.8472222222,1.3958333333,0.9305555556,1.6666666667,0.625,1.7222222222,0.5347222222,1.7916666667,0.6180555556,1.8680555556,0.9097222222,1.9583333333,1.6666666667,2.1597222222,2.5555555556,2.2430555556,3.1041666667,2.2083333333,3.5902777778,2.1458333333,4.1944444444,2.1041666667,4.0972222222,1.6666666667,3.6736111111,1.6388888889,2.9236111111,1.7222222222
96,F2-3-7A,3,7A,864,3289.5,702.231,3.807291667,0.8127673611,48,,4.3055555556,1.4305555556,3.9722222222,1.2430555556,3.6180555556,1.1666666667,2.9583333333,1.1180555556,2.5,1.1805555556,1.9236111111,1.2708333333,1.0625,1.5347222222,0.6388888889,1.6527777778,0.5069444444,1.7013888889,0.6388888889,1.7569444444,1.0069444444,1.7916666667,1.625,1.9791666667,2.625,2.0069444444,3.0625,1.9375,3.5555555556,1.8055555556,4.0972222222,1.7013888889,3.9652777778,1.3333333333,3.5833333333,1.3333333333,2.8680555556,1.4513888889
97,F2-3-8A,3,8A,738,3914.029,804.56,5.303562331,1.090189702,39,,5.5853658537,1.4715447154,5.1138211382,1.2764227642,4.6585365854,1.162601626,3.6829268293,1.0569105691,2.9430894309,1.1138211382,2.1056910569,1.2113821138,0.9349593496,1.512195122,0.4552845528,1.5528455285,0.2764227642,1.674796748,0.487804878,1.7642276423,0.9593495935,1.8617886179,1.8617886179,2.081300813,3.2845528455,2.1951219512,3.7479674797,2.1544715447,4.674796748,1.9837398374,5.3333333333,1.8536585366,5.0975609756,1.406504065,4.6585365854,1.3983739837,3.7073170732,1.5040650407
98,F2-3-9A,3,9A,864.333,3546.046,714.025,4.102638682,0.8260994316,57,,4.6023928278,1.443887946,4.2830714551,1.2564601837,3.9359830065,1.1106830354,3.2001554956,1.0204400387,2.7281152056,1.0482071146,2.0686471534,1.1037412664,1.0134982698,1.3814120252,0.6594680522,1.436946177,0.5206326728,1.4855385598,0.6594680522,1.5688397874,1.0829159595,1.6313157082,1.7146169358,1.7909763945,2.8461252781,1.8742776222,3.2140390336,1.8465105463,3.7554970133,1.7562675497,4.3663726828,1.7215587048,4.2761296861,1.3258778735,3.8943323927,1.2703437217,3.1515631128,1.2981107976
99,F2-4-1,4,1,882.184,3467.32,826.281,3.93038187,0.9366311336,40,,4.3528334225,1.2242344001,3.9379539869,1.0542018445,3.5366771558,0.9657849156,2.808937818,0.9725862178,2.3736544757,1.0542018445,1.8907620179,1.1426187734,0.8161562667,1.3806643512,0.5849119911,1.4010682579,0.4488859467,1.4690812801,0.6189185023,1.5642995112,0.8161562667,1.6119086268,1.5779021157,1.863556809,2.5640909379,1.9655763424,2.9109573513,1.9043646223,3.4074524136,1.7071268579,4.0739800314,1.5915047201,3.9175500803,1.1562213779,3.5162732491,1.1426187734,2.7205208891,1.2650422134
100,F2-4-10,4,10,882,3738.005,858.189,4.238100907,0.9730034014,23,,4.2993197279,1.619047619,3.9591836735,1.380952381,3.5578231293,1.2585034014,2.8503401361,1.156462585,2.3197278912,1.1836734694,1.6666666667,1.2721088435,0.7074829932,1.5170068027,0.2993197279,1.5714285714,0.0952380952,1.6258503401,0.2585034014,1.7074829932,0.4965986395,1.7551020408,1.3333333333,2.0476190476,2.4693877551,2.1700680272,2.8911564626,2.1224489796,3.4285714286,1.9795918367,4.0544217687,1.8843537415,3.9523809524,1.5102040816,3.537414966,1.4557823129,2.7414965986,1.5782312925
101,F2-4-11,4,11,876,4015.914,937.23,4.584376712,1.06989726,36,,4.7739726027,1.4726027397,4.3561643836,1.2602739726,3.9657534247,1.1780821918,3.1232876712,1.0753424658,2.6438356164,1.1095890411,1.9383561644,1.2191780822,0.7945205479,1.5753424658,0.3561643836,1.6780821918,0.2123287671,1.7876712329,0.4178082192,1.8150684932,0.7054794521,1.8493150685,1.5479452055,2.0547945205,2.7808219178,2.2328767123,3.2054794521,2.1506849315,3.7739726027,1.9589041096,4.5547945205,1.7808219178,4.3630136986,1.4246575342,3.9315068493,1.404109589,3.1095890411,1.5684931507
102,F2-4-12,4,12,870.021,3810.076,882.02,4.379291994,1.013791621,21,,4.5860961977,1.5723758392,4.2067950084,1.3585878962,3.8343902044,1.2551421173,3.027513129,1.1034216415,2.5585589313,1.1379035678,1.8206457086,1.1930746499,0.6758457554,1.4413445193,0.4275758861,1.4689300603,0.2344770988,1.5585830687,0.4068867303,1.6344433065,0.6344674439,1.6482360771,1.434448134,1.965469799,2.5930408576,2.12408666,3.0413058995,2.1102938895,3.6619805729,2.0206408811,4.3516190988,1.8965059464,4.2136913937,1.5172047571,3.7999082781,1.4965156013,2.9930312027,1.5516866834
103,F2-4-13,4,13,882,3503.943,846.34,3.97272449,0.959569161,34,,4.4081632653,1.6394557823,4.0680272109,1.4489795918,3.6734693878,1.3673469388,2.8639455782,1.306122449,2.3945578231,1.3401360544,1.8299319728,1.4421768707,0.9455782313,1.7278911565,0.5646258503,1.8299319728,0.462585034,1.8911564626,0.5918367347,1.9659863946,0.7278911565,1.9727891156,1.5034013605,2.1700680272,2.6598639456,2.2925170068,2.9319727891,2.2517006803,3.537414966,2.074829932,4.2176870748,1.9455782313,4.0816326531,1.5646258503,3.6802721088,1.537414966,2.9523809524,1.612244898
104,F2-4-14,4,14,894.725,2508.466,918.706,2.803616754,1.026802649,27,pacman fish,3.0445108832,1.5624912683,2.72262427,1.4015479617,2.4074436279,1.361312135,1.8977898237,1.3344882506,1.6496688927,1.3479001928,1.2137807706,1.3411942217,0.7644807064,1.6228450082,0.3889463243,1.7100226327,0.2682388443,1.7770823437,0.4090642376,1.8508480259,0.5700075442,1.8642599681,0.992483724,2.1324988125,1.669786806,2.414149599,1.9983793903,2.2934421191,2.3336779457,2.0855570147,2.9372153455,1.8776719104,2.7092123278,1.6429629216,2.3336779457,1.6429629216,1.7502584593,1.8374360837
105,F2-4-15,4,15,888.729,2586.007,834.539,2.909781272,0.9390252822,NA ,pacman fish ,3.6726606198,1.5730329493,3.3891096161,1.4380086618,2.990787968,1.3502428749,2.4304371749,1.2827307312,2.1536373855,1.2557258737,1.9511009543,1.2759795168,1.0936967287,1.5055208056,0.8506530112,1.5190232343,0.75613601,1.5595305206,0.8506530112,1.6472963074,1.026184585,1.6675499505,1.4312574474,1.7755693805,2.3089153161,2.2279007436,2.5182029618,2.1671398143,2.9840367536,2.0051106693,3.4836266173,1.8835888105,3.3891096161,1.5527793062,3.0042903967,1.5122720199,2.3764274599,1.6472963074
106,F2-4-2,4,2,894.02,3290.189,780.577,3.680218563,0.8731091027,12,,4.3287622201,1.6576810362,3.9663542203,1.4563432585,3.5771011834,1.3422518512,2.8657077023,1.2214491846,2.4697434062,1.2214491846,1.9059976287,1.3355405919,0.9529988143,1.6711035547,0.7449497774,1.7247936288,0.6442808886,1.8120399991,0.7717948144,1.8523075546,0.9529988143,1.8925751102,1.731504888,2.0670678508,2.6643699246,2.1408917026,2.9193977763,2.1006241471,3.3891859243,1.9798214805,4.0401780721,1.9529764435,3.9529317018,1.5771459251,3.5569674057,1.5503008881,2.8791302208,1.5704346659
107,F2-4-3,4,3,870.021,3972.453,996.018,4.565927719,1.144820642,38,,4.7378166734,1.8413348643,4.3585154841,1.6137541508,3.9240432128,1.4896192161,3.0482022848,1.3241059699,2.5516625461,1.3516915109,1.779267397,1.4551372898,0.6689493702,1.779267397,0.3241301072,1.8206457086,0.1724096315,1.9309878727,0.3517156482,1.99305534,0.5861927471,2.0068481106,1.3792770519,2.2895999062,2.6413155545,2.5033878493,3.1516480637,2.4413203819,3.7861155076,2.2551179799,4.4481684925,2.151672201,4.3447227136,1.7654746265,3.930939598,1.7171999297,3.0757878258,1.7861637823
108,F2-4-4,4,4,870,3331.383,840.021,3.829175862,0.9655413793,48,,4.3034482759,1.6551724138,3.9448275862,1.4620689655,3.5793103448,1.3379310345,2.8620689655,1.2,2.4413793103,1.2413793103,1.8413793103,1.3172413793,0.9379310345,1.6206896552,0.6275862069,1.675862069,0.4965517241,1.7448275862,0.6620689655,1.8482758621,0.8965517241,1.8620689655,1.6344827586,2.075862069,2.5793103448,2.1931034483,2.9310344828,2.1655172414,3.3655172414,2.0551724138,4.075862069,1.9862068966,3.9517241379,1.5793103448,3.5517241379,1.5103448276,2.8344827586,1.6068965517
109,F2-4-5,4,5,864.187,3118.211,750.6,3.608259555,0.8685620126,35,,3.8880473786,1.6107624854,3.5061855825,1.4510748252,3.1243237864,1.4094171748,2.5133449126,1.3955312913,2.0967684078,1.4510748252,1.5552189515,1.5482760097,0.5970929903,1.7704501456,0.4026906214,1.7426783786,0.2916035534,1.7982219126,0.4235194466,1.9093089806,0.6942941748,1.9509666311,1.4788465922,2.1661978252,2.2911707767,2.2425701845,2.5341737379,2.2356272427,3.0687802524,2.0828825243,3.6381014757,1.9231948641,3.5061855825,1.5760477767,3.0896090777,1.5829907184,2.4439154951,1.7010207282
110,F2-4-6,4,6,870.745,3279.24,801.242,3.766016457,0.920179846,52,,4.0241402477,1.577959104,3.7209515989,1.4401460818,3.3281844857,1.3298956641,2.6046661192,1.2678798041,2.149883146,1.3161143618,1.639974964,1.4263647796,0.7028464131,1.7433347306,0.4478923221,1.7915692884,0.2825166955,1.8535851483,0.441001671,1.9431636128,0.9095659464,1.9707262172,1.6261936617,2.1361018438,2.4392904926,2.2187896571,2.7080258859,2.1705550994,3.0456677902,2.080976635,3.7622955056,1.9156010083,3.7140609478,1.639974964,3.3350751368,1.6537562662,2.6597913281,1.8466944972
111,F2-4-7,4,7,876,3415.033,786.206,3.898439498,0.8974954338,38,,4.0821917808,1.6438356164,3.7465753425,1.4178082192,3.3835616438,1.301369863,2.6369863014,1.1506849315,2.1643835616,1.1438356164,1.6095890411,1.1917808219,0.7260273973,1.4315068493,0.2671232877,1.5,0.2191780822,1.595890411,0.3082191781,1.6643835616,0.595890411,1.6369863014,1.3561643836,1.8767123288,2.3493150685,2.0068493151,2.6438356164,2.0547945205,3.2739726027,1.9246575342,3.8150684932,1.9315068493,3.7260273973,1.4863013699,3.3356164384,1.4315068493,2.6232876712,1.4178082192
112,F2-4-8,4,8,864.021,3454.651,843.614,3.998341475,0.9763813611,41,,4.534612006,1.5138520939,4.1596211203,1.3333009267,3.7360203051,1.2569138945,2.8957629502,1.2083039648,2.4860506863,1.2777467214,1.9513414605,1.409687959,0.9027558358,1.8888429795,0.7777588739,1.9235643578,0.5624863285,2.041617044,0.7013718417,2.083282698,0.9513657654,2.0902269736,1.9027315308,2.1527254546,2.8263201936,2.2291124868,3.124924047,2.1388369033,3.451305003,2.0277284927,4.2429524282,1.8610658769,4.1735096716,1.5416291965,3.777685959,1.5902391261,3.0068713608,1.7985673959
113,F2-4-9,4,9,870.331,3264.794,786.023,3.751209597,0.9031311076,36,,3.9433273088,1.4684068475,3.5572672926,1.2615889817,3.136737632,1.1650739776,2.5438597499,1.1099225467,2.0819665162,1.1168164756,1.5304522073,1.2064375508,0.4825750203,1.4753007764,0.3102267988,1.4890886341,0.1723482215,1.5580279227,0.3033328699,1.6338611402,0.5101507358,1.6890125711,1.2615889817,1.9303000812,2.2681025954,2.0543908007,2.4956022479,2.0268150853,2.936813695,1.9096182946,3.6675701543,1.7993154329,3.536585506,1.3856797012,3.1436315609,1.3718918434,2.4128751015,1.4684068475
114,F2-5-10A,5,10A,882,3816.019,738,4.326552154,0.8367346939,15,,4.7346938776,1.5850340136,4.4081632653,1.3945578231,4.0408163265,1.2585034014,3.2925170068,1.1496598639,2.8027210884,1.1632653061,2,1.2585034014,1.074829932,1.4489795918,0.5714285714,1.4965986395,0.4285714286,1.5782312925,0.5578231293,1.6598639456,0.8367346939,1.6870748299,1.6598639456,1.925170068,2.9183673469,2.0340136054,3.2925170068,1.9863945578,3.8979591837,1.9115646259,4.5170068027,1.8639455782,4.4013605442,1.5034013605,4.0136054422,1.4489795918,3.306122449,1.5442176871
115,F2-5-11A,5,11A,978.294,2994.295,642.252,3.060731232,0.6565020331,13,,3.7718722593,1.6007457881,3.5265472343,1.4351513962,3.1830921993,1.2940895068,2.6004452649,1.2450245018,2.2508571043,1.2634238787,1.7479408031,1.3492876375,0.8402382106,1.619145165,0.7605075775,1.6314114162,0.7053094469,1.6620770443,0.7789069544,1.7111420493,1.2082257481,1.7356745518,1.5946126625,1.7847395568,2.3673864912,1.9196683206,2.6372440187,1.9012689437,3.0174978074,1.8276714362,3.5756122393,1.8154051849,3.5265472343,1.521015155,3.1585596968,1.4535507731,2.5759127624,1.4964826525
116,F2-5-12A,5,12A,882.184,3804.383,798.564,4.312459759,0.905212518,17,,4.5976803025,1.7819411823,4.2440125869,1.557498209,3.8767422669,1.4486773734,3.1217977202,1.3330552356,2.6117000535,1.3262539334,1.8975633201,1.4078695601,1.1222148667,1.5506969068,0.4828924578,1.679921649,0.2856546934,1.7003255557,0.4216807378,1.8159476935,0.8433614756,1.9043646223,1.4690812801,2.1288075957,2.747726098,2.2648336401,3.1694068358,2.230827129,3.7135110136,2.1288075957,4.3256282136,2.047191969,4.2712177958,1.7003255557,3.8631396625,1.6731203468,3.1422016269,1.7139281601
117,F2-5-13A,5,13A,882.184,2695.283,781.867,3.055239043,0.8862856275,33,pacman fish,3.8699409647,1.2378370045,3.5842862713,1.1834265867,3.1830094402,1.1426187734,2.6117000535,1.1766252845,2.3668531735,1.1494200756,1.8907620179,1.1358174712,1.1426187734,1.3602604445,0.9385797067,1.3942669556,0.8161562667,1.4486773734,0.9317784045,1.5234916979,1.5098890934,1.6663190446,1.7887424846,2.0131854579,2.5232831246,2.0879997824,2.7137195868,2.0539932712,3.1898107424,1.7683385779,3.7135110136,1.5642995112,3.5842862713,1.2922474223,3.1830094402,1.2990487245,2.6389052624,1.5302930001
118,F2-5-14A,5,14A,876.329,2430.237,1062.153,2.773201617,1.212048215,NA,pacman fish,3.7451687665,1.0749387502,3.4028315849,1.0133180575,2.9988737107,1.0133180575,2.4237472456,0.9653908521,2.2046514494,0.9243103903,1.8006935751,0.9380038775,1.2803410591,1.2255671101,1.0749387502,1.2324138537,1.0270115448,1.3077280336,1.116019212,1.3967357009,1.2598008282,1.4515096499,1.4378161627,1.7870000879,2.3963602711,2.2046514494,2.4648277074,2.1772644749,3.1015748651,1.7459196261,3.6287741248,1.430969419,3.4233718158,1.1570996738,2.9714867361,1.1776399046,2.4442874765,1.4788966244
119,F2-5-1A,5,1A,864.021,3078.211,714.025,3.562657621,0.826397738,28,,3.9096271966,1.756901742,3.6179676188,1.4999635426,3.2638095602,1.3819108563,2.5832705455,1.2430253431,2.2430010382,1.2499696188,1.5902391261,1.3263566511,0.7430374956,1.5902391261,0.4652664692,1.6457933314,0.388879437,1.7221803637,0.4513779179,1.777734569,0.7430374956,1.8263444986,1.4166322346,1.9443971848,2.3818865514,2.083282698,2.6041033725,2.0763384223,2.9790942581,2.0068956657,3.6388004458,2.0138399414,3.6388004458,1.6805147097,3.2360324575,1.6596818827,2.5346606159,1.6874589854
120,F2-5-2A,5,2A,858.189,4010.806,864.333,4.673569575,1.007159262,15,,4.8450865718,1.7059179272,4.4745388254,1.475199519,4.0760252112,1.3353701807,3.2020918469,1.1675749747,2.6567574276,1.1885493755,1.7968069971,1.3353701807,0.7480869599,1.7268923279,0.3146160112,1.8177813978,0.167795206,1.9156619346,0.3006330773,1.9785851368,0.8599504305,2.0624827398,1.5101568536,2.209303545,2.8525185012,2.2652352803,3.2580235822,2.1883291443,3.8872556045,2.0974400744,4.5724193622,1.9995595376,4.4675473584,1.6010459235,4.0340764097,1.5660885889,3.1531515785,1.6709605926
121,F2-5-3A,5,3A,1062.271,3084.753,702.231,2.903922822,0.6610657732,19,,3.7222140113,1.491144915,3.479338135,1.3047518006,3.129145011,1.197434553,2.5304277345,1.0844690291,2.2536622011,1.1070621339,1.7905035532,1.1578966196,1.0279862672,1.2595655911,0.847241429,1.2595655911,0.8133517718,1.3104000768,0.8528897052,1.3725311149,0.9828000576,1.4120690483,1.5419794007,1.6210552674,2.3214415154,1.7509656199,2.6208001536,1.7340207913,3.1065519062,1.6831863056,3.5019312398,1.694482858,3.4736898588,1.4120690483,3.1122001824,1.3612345626,2.5699656679,1.3329931816
122,F2-5-4A,5,4A,870.517,2707.496,570.032,3.110216113,0.6548200667,25,,4.0114093119,1.6404044953,3.7494959892,1.4405232752,3.4186581078,1.3164590697,2.8603691829,1.1923948642,2.557101125,1.2337495994,1.9712423767,1.3095666139,1.2819967904,1.4956629221,0.9580513649,1.4818780104,0.8684494387,1.5370176573,0.9580513649,1.5990497601,1.2475345111,1.6748667746,1.8196083477,1.8196083477,2.5915634043,1.902317818,2.8948314622,1.8954253622,3.1636372409,1.8402857153,3.7977431802,1.8471781711,3.7426035333,1.5783723925,3.3428410933,1.550802569,2.805229536,1.5301252015
123,F2-5-5A,5,5A,864.083,3192.006,708.102,3.694096516,0.8194837764,22,,4.2426479864,1.6109563549,3.9162904489,1.4095868105,3.5204951376,1.2845988175,2.8677800628,1.187385934,2.4094907549,1.2359923757,1.8678761184,1.312373927,0.8471408418,1.5623499131,0.6457712974,1.5692936905,0.513839527,1.6248439097,0.6249399653,1.6803941288,1.0137914992,1.7776070123,1.4581932523,1.8887074506,2.5622538576,2.0623018854,2.9094427271,2.0345267758,3.3607882576,1.9442576697,4.0135033324,1.8817636732,3.9093466716,1.5206872488,3.527438915,1.4929121392,2.8122298437,1.5206872488
124,F2-5-6A,5,6A,871.674,2796.006,618.466,3.207628081,0.7095152546,27,,4.0886845311,1.4317279166,3.8340021614,1.2665285416,3.4210037239,1.1770455468,2.8841057551,1.1426290104,2.5330570833,1.1701622396,2.0236923437,1.2252286979,1.2734118489,1.369778151,0.9567797135,1.3904280729,0.8879466406,1.4799110677,0.9774296354,1.5418608333,1.1976954687,1.5693940625,1.8722595833,1.8034265104,2.6225400781,1.9066761197,2.952938828,1.8378430468,3.3177541145,1.7621266666,3.8477687759,1.700176901,3.8133522395,1.3560115364,3.400353802,1.3078283854,2.8772224478,1.3560115364
125,F2-5-7A,5,7A,978.662,2839.427,648.25,2.901335701,0.6623839487,17,,3.2799883923,1.5940130505,3.0347556153,1.4346117454,2.7098221858,1.3058645375,2.1825717153,1.2506871627,1.8821615634,1.2874720792,1.4039576483,1.3487802735,0.6130819425,1.6185363282,0.4352881792,1.6430596059,0.3862416238,1.7104986195,0.4720730957,1.7472835361,0.7479599698,1.7718068138,1.2445563433,1.8269841886,1.9925163131,1.9066848411,2.207094993,1.8821615634,2.6178598944,1.8147225498,3.0838021707,1.8085917303,3.0224939765,1.5388356756,2.7036913664,1.5020507591,2.1335251599,1.5633589533
126,F2-5-8A,5,8A,864.333,2768.868,786.092,3.203473661,0.9094781757,19,,4.1303525377,1.6313157082,3.824914703,1.4855385598,3.4292338717,1.3675284873,2.8044746643,1.2842272596,2.3116090673,1.3189361045,1.8256852394,1.4091791011,1.200926032,1.6868498599,1.0482071146,1.7076751669,0.9301970421,1.7701510876,1.0273818077,1.8742776222,1.3189361045,1.915928236,1.7770928566,2.0755889223,2.5545709813,2.2213660707,2.860008816,2.1727736879,3.1446213439,2.0617053844,3.8943323927,1.9506370808,3.8457400099,1.679908091,3.4292338717,1.6590827841,2.6517557469,1.7632093186
127,F2-5-9A,5,9A,870.745,3822.118,780.577,4.389480273,0.8964472951,20,,4.5409390809,1.5435058484,4.1757345721,1.2816611063,3.78985811,1.1645200374,2.9974332325,1.0542696197,2.5219783059,1.0611602708,1.7915692884,1.1645200374,0.6752838087,1.453927384,0.2894073466,1.5021619418,0.1722662777,1.5848497551,0.3720951599,1.6675375684,0.5994866465,1.6813188706,1.4952712907,1.8880384039,2.652900677,2.0120701239,3.0387771391,1.9845075194,3.6727170412,1.8398038461,4.2790943388,1.7846786373,4.1757345721,1.3781302218,3.78985811,1.3505676174,3.031886488,1.3850208729
128,F2-6-1,6,1,888.081,3084.053,738,3.47271589,0.8310052799,25,,3.938829904,1.5539123121,3.6280474416,1.3377158165,3.2294351529,1.2161052877,2.6416509305,1.0809824779,2.2903316252,1.0742263375,1.7025474028,1.1688123043,0.7499315941,1.4998631882,0.5540035199,1.5336438906,0.4729298341,1.607961436,0.5877842224,1.6484982789,0.7431754536,1.6417421384,1.4998631882,1.7971333696,2.2768193442,1.9457684603,2.7159684758,1.8984754769,3.0537755002,1.8241579315,3.6618281441,1.8106456506,3.6010228797,1.4525702047,3.2091667314,1.4052772213,2.5200404017,1.4187895023
129,F2-6-10,6,10,864.021,3590.427,936,4.155485804,1.083307003,31,,4.7151631731,1.694403261,4.3262837362,1.430520786,3.9304600235,1.2708024458,3.0554812904,1.0485856247,2.6041033725,1.0555299003,1.7985673959,1.1110841056,0.7985917009,1.3819108563,0.7083161173,1.409687959,0.5138763988,1.5138520939,0.6597061877,1.6457933314,0.7569260469,1.6666261584,1.4999635426,1.9860628388,2.5902148212,2.1596697302,3.10409122,2.1249483519,3.6943546511,2.0277284927,4.4165593197,1.9652300118,4.3123951848,1.5832948505,3.8887943696,1.5346849209,3.0415927391,1.5763505748
130,F2-6-11,6,11,882.734,3402.132,828.196,3.854085149,0.9382169487,32,,4.0170651635,1.5157454001,3.6364295473,1.3186305274,3.2286056728,1.2030804297,2.5217109571,1.0875303319,2.1070900181,1.101124461,1.5701219167,1.1894863005,0.6593152637,1.4273835606,0.3398532287,1.4817600772,0.1563324852,1.5769189813,0.3262590996,1.6516866916,0.5369681014,1.6584837561,1.325427592,1.869192758,2.2770166324,2.0255252432,2.5760874737,2.0051340494,3.0790702522,1.8895839517,3.7519796451,1.8012221122,3.6228354181,1.4613688835,3.2286056728,1.420586496,2.5353050862,1.4477747543
131,F2-6-12,6,12,816.088,4027.144,912.316,4.934693317,1.117913754,31,,5.1906166982,1.8380370744,4.7127270588,1.5292468459,4.271598161,1.4263167698,3.3158188823,1.3160345453,2.690886277,1.3454431385,2.0071364853,1.4189646215,0.7793277196,1.7792198881,0.419072453,1.8453892227,0.2499730421,1.9336150023,0.4043681564,2.0512493751,0.7719755713,2.07330582,1.5954161806,2.3894481968,3.0070286538,2.4997304212,3.381988217,2.4556175314,4.198076678,2.2497573791,4.9185872112,2.124770858,4.7127270588,1.6836419602,4.2642460127,1.6395290704,3.3452274755,1.7204027017
132,F2-6-2,6,2,888.081,2624.745,810.355,2.955524327,0.9124787041,31,,3.4861684914,1.5741807335,3.2429474338,1.3782526594,2.9051404095,1.2363737092,2.2160140798,1.0066649326,1.9457684603,1.0269333541,1.5268877501,1.0944947589,0.8512737014,1.330959676,0.5675158009,1.3985210808,0.4931982556,1.4998631882,0.6283210653,1.5066193286,0.9120789658,1.5133754691,1.3782526594,1.8241579315,2.0403544271,1.9525246008,2.2903316252,1.9390123198,2.6281386495,1.8106456506,3.2564597148,1.8038895101,3.2226790124,1.4863509072,2.8713597071,1.4458140643,2.2362825013,1.4660824857
133,F2-6-3,6,3,876.082,3345.962,823.072,3.819233816,0.9394919654,52,,4.2872699131,1.4245241884,3.924290192,1.2738533608,3.5133697531,1.198517947,2.8421997028,1.0889391632,2.4175819158,1.1437285551,1.8285959533,1.2464586648,0.9725117055,1.568346342,0.6232293324,1.6436817558,0.4725585048,1.7190171696,0.5958346365,1.7669578875,0.8903276177,1.7943525834,1.58204369,1.951872085,2.5956474394,2.0614508688,2.9517784865,2.0135101509,3.3695475994,1.8696879972,4.0749610196,1.7190171696,3.917441518,1.4176755144,3.5065210791,1.3560374485,2.8421997028,1.4930109282
134,F2-6-4,6,4,876.185,3072.211,756.024,3.506349686,0.8628588711,32,,4.211439365,1.622944926,3.8964373962,1.4312045972,3.547196083,1.321638695,2.8487134566,1.1983770551,2.4926242746,1.2394642684,1.9037075503,1.2873993506,0.9587016441,1.4859875483,0.8217442663,1.506531155,0.6710911508,1.5750098438,0.8354400041,1.622944926,1.0956590218,1.6777278771,1.6914236149,1.9037075503,2.6021901767,2.0338170592,2.8624091944,2.0338170592,3.2116505076,1.9516426325,3.8690459207,1.8968596815,3.8964373962,1.622944926,3.5129567386,1.6024013194,2.8829528011,1.6708800082
135,F2-6-5,6,5,888.02,3127.474,792,3.521850859,0.8918718047,33,,4.418819396,1.6013152857,4.0742325623,1.3986171483,3.6755928921,1.2769982658,2.9458795973,1.1553793833,2.6148059728,1.1891624063,2.0675210018,1.290511475,1.1824058017,1.6080718903,1.0134906871,1.6418549132,0.8986284093,1.7161775636,1.0405171055,1.7702304002,1.2567284521,1.8175266323,1.9391455147,1.9864417468,2.6756154141,2.0742776064,3.0337154569,2.0742776064,3.5742438233,1.918875701,4.1350420036,1.8715794689,4.0809891669,1.5540190536,3.6620796829,1.5337492399,2.999932434,1.6148284949
136,F2-6-6,6,6,882.02,3359.153,762.213,3.808477132,0.8641674792,20,,4.0815401011,1.5305775379,3.7414117594,1.3469082334,3.3264551824,1.2516722977,2.5509625632,1.1904491962,2.1496111199,1.2040543298,1.6190109068,1.278882565,0.5986258815,1.6462211741,0.3673386091,1.6870365751,0.3061155076,1.7618648103,0.4217591438,1.8298904787,0.6870592504,1.8026802113,1.3673159339,1.9523366817,2.312872724,2.0815854516,2.6393959321,2.0475726174,3.2584295141,1.9047187139,3.8638579624,1.8230879118,3.7346091925,1.4557493027,3.3196526156,1.4081313349,2.6325933652,1.4353416022
137,F2-6-7,6,7,780.208,4056.284,900.32,5.198977709,1.153948691,29,,5.4216311548,1.5149806206,4.9448352234,1.2458216271,4.4988003199,1.1381580297,3.3914033181,0.9612821196,2.8453950741,0.9843528905,2.1378914341,1.0612554601,0.7075036401,1.4688390788,0.35375182,1.5226708775,0.2230174518,1.6380247319,0.3922031048,1.7226175584,0.8536185222,1.7533785862,1.6303344749,2.0302278367,3.0607222689,2.160962205,3.5298279433,2.145581691,4.3680659516,1.976396038,5.1063306195,1.8764226975,4.9602157373,1.4226975371,4.491110063,1.3611754814,3.5067571724,1.430387794
138,F2-6-8,6,8,756.095,4224.486,872.974,5.587242344,1.154582427,27,,5.6500836535,1.7537478756,5.2056950515,1.5553601069,4.7851129818,1.4283919349,3.6900124984,1.3331658059,3.0234295955,1.3728433596,2.1425879023,1.5394890854,0.9522612899,1.9124580906,0.31742043,2.0394262626,0.095226129,2.1505234131,0.31742043,2.2219430098,0.5951633062,2.2378140313,1.8013609401,2.5472989505,3.2694304287,2.6028475258,3.8249161812,2.499685886,4.6343382776,2.3251046495,5.3961473095,2.2140074991,5.1977595408,1.7140703219,4.7136933851,1.6823282789,3.5947863694,1.7854899186
139,F2-6-9,6,9,870.517,3906.779,907.271,4.487883637,1.042220887,20,,4.5696982368,1.5576950249,4.1630433409,1.3578138049,3.8046356361,1.2337495994,2.9982183002,1.102792938,2.4123595519,1.1096853939,1.6955441422,1.1717174966,0.5858587483,1.5232327456,0.2205585876,1.5714799366,0.0827094703,1.6472969511,0.2343434993,1.702436598,0.4549020869,1.7506837891,1.2819967904,2.0470593911,2.5502086691,2.205585876,2.9361861974,2.1918009643,3.5427223133,2.005704656,4.3008924582,1.854070627,4.1699357968,1.5301252015,3.756388445,1.4818780104,2.9086163739,1.6266195835
140,F2-7-11,7,11,882.999,3984.041,876.514,4.511942822,0.9926557108,34,,4.6885670312,1.6308059239,4.3488157971,1.3997750847,3.9343192914,1.2570795663,3.0781461814,1.0804089246,2.5753143548,1.114384048,1.8618367631,1.2231044429,0.7678377892,1.542470603,0.3057761107,1.5968308005,0.1766706418,1.651190998,0.3057761107,1.7599113929,0.6319372955,1.7667064176,1.4201601587,2.0249173555,2.7995501694,2.1404327751,3.1121213048,2.1132526764,3.7780337237,2.0113273061,4.4507411673,1.8958118865,4.3420207724,1.5152905043,3.9071391927,1.4473402575,3.0985312554,1.5356755783
141,F2-9-1,9,1,846.021,3005.617,650.246,3.552650584,0.7685932146,25,,3.964440599,1.6169811388,3.6452995848,1.4467725978,3.2694223902,1.3120241696,2.6169563167,1.2198278766,2.2198030545,1.2623800118,1.6027970937,1.4113124852,0.7446623665,1.8155577698,0.5602697805,1.8581099051,0.4042452847,1.9503061981,0.5673618031,2.0141344009,0.7801224792,1.9786742882,1.5318768683,2.0425024911,2.5105759786,2.0566865361,2.6949685646,2.0212264235,3.0708457591,1.9290301305,3.6949437425,1.8793859727,3.6594836298,1.5531529359,3.2339622775,1.5176928232,2.5885882265,1.6027970937
142,F2-9-10,9,10,864.187,2979.107,1165.545,3.447294393,1.348718507,38,pacman fish,4.1865938738,1.2636153981,3.7561314854,1.1733571553,3.3395549806,1.1733571553,2.4925160874,1.2219577476,2.2356272427,1.2358436311,1.9440236893,1.2636153981,1.3122159903,1.4927324757,0.8678677184,1.5968766019,0.7290088835,1.6593630777,0.9164683107,1.7496213204,1.1039277379,1.7704501456,1.3955312913,1.8815372136,2.6036031553,2.5827743301,2.6383178641,2.5827743301,3.658930301,1.9093089806,4.0546779806,1.5899336602,3.7630744272,1.3052730485,3.3464979223,1.3122159903,2.804948466,1.6246483689
143,F2-9-11,9,11,864.021,2466.299,1068.421,2.854443353,1.236568324,33,pacman fish,3.6179676188,1.430520786,3.2082553549,1.3333009267,2.756877437,1.347189478,2.0068956657,1.3541337537,1.7638460176,1.3749665807,1.5416291965,1.430520786,1.1110841056,1.6388490558,0.9652543167,1.6319047801,0.8124802522,1.694403261,0.9444214898,1.8263444986,1.062474176,1.8749544282,1.3610780294,2.2291124868,2.2846666921,2.5763262698,2.1735582816,2.6596575778,3.0068713608,2.0971712493,3.5138034839,1.7430131907,3.2221439062,1.4721864399,2.7638217127,1.4721864399,2.1805025572,1.8332887742
144,F2-9-12,9,12,882.02,2971.012,708.229,3.36841795,0.8029625179,20,,4.0611324006,1.5577878053,3.7346091925,1.4421441691,3.3604680166,1.3673159339,2.5917779642,1.3809210675,2.4013060928,1.3945262012,2.0135597832,1.4013287681,1.0543978595,1.6666288746,0.7959003197,1.7210494093,0.700664384,1.8026802113,0.8707285549,1.8366930455,1.0680029931,1.8502981792,1.6666288746,1.9931520827,2.4693317612,2.2108342214,2.6802113331,2.2040316546,3.1699961452,2.0747828847,3.8910682297,1.8639033129,3.7346091925,1.5645903721,3.3332577493,1.5509852384,2.7006190336,1.8026802113
145,F2-9-2,9,2,858.084,3936.773,888.993,4.587864358,1.036020949,28,,4.7338022851,1.6571804159,4.3562168739,1.4334260981,3.9366775281,1.300571972,3.0556449019,1.1886948131,2.5102437524,1.202679458,1.8110115094,1.3285412617,0.552393472,1.6921420281,0.3286391542,1.7131189953,0.146838771,1.7830422196,0.2657082523,1.8879270561,0.5314165047,1.9158963458,1.4054568084,2.2235585327,2.7200134253,2.3214510468,3.1325604486,2.2515278225,3.7059308879,2.0837120841,4.4611017103,1.950857958,4.3212552617,1.5522955795,3.8877312711,1.5383109346,3.0836141916,1.6641727383
146,F2-9-3,9,3,859.027,2951.299,667.727,3.435630079,0.7773061848,29,,4.1907879496,1.9836396295,3.9323560261,1.7810848786,3.548200464,1.5436068948,2.7729046933,1.3829600234,2.4865341834,1.38994467,1.9277624568,1.4458218426,1.1315127464,1.6274226538,0.9359426421,1.6623458867,0.7543418309,1.7042537662,0.9149887023,1.7880695252,1.1245280998,1.7950541718,1.6693305333,2.0045935692,2.5284420629,2.193179027,2.7798893399,2.2001636736,3.2408760144,2.1512711475,3.8275863273,2.2071483201,3.8974327931,1.8299774047,3.4504154119,1.7531462923,2.912597625,1.7112384128
147,F2-9-4,9,4,870,3258.006,762.213,3.744834483,0.8761068966,30,,4.4137931034,1.6551724138,4.0689655172,1.4275862069,3.6551724138,1.2827586207,3.0068965517,1.1724137931,2.5724137931,1.1862068966,1.9172413793,1.2965517241,1.0551724138,1.5655172414,0.8068965517,1.6,0.6827586207,1.6689655172,0.7862068966,1.7586206897,1.0482758621,1.7724137931,1.7793103448,1.9724137931,2.7034482759,2.1034482759,3.0344827586,2.0344827586,3.4551724138,1.9379310345,4.0965517241,1.924137931,4.0482758621,1.5379310345,3.6413793103,1.4689655172,2.9724137931,1.4965517241
148,F2-9-5,9,5,858.524,2730.059,624,3.179944882,0.7268288365,26,,3.6341441823,1.7961058747,3.3965270627,1.6074099268,3.0331126445,1.4466689341,2.4320811066,1.376781546,2.0686666884,1.3628040684,1.5375225387,1.4536576729,0.7967162246,1.6912747926,0.5660878438,1.7332072254,0.4542680228,1.8170720912,0.5521103662,1.8659932629,0.7687612693,1.8659932629,1.3558153296,1.9848018227,2.1665090318,2.0966216437,2.5159459724,2.0407117332,2.8374279578,1.970824345,3.3615833687,2.0057680391,3.3825495851,1.6772973149,2.9911802116,1.5934324492,2.4320811066,1.5864437104
149,F2-9-6,9,6,864.083,3042.609,656.747,3.521199931,0.7600508285,28,,4.5134553046,1.4443056975,4.2287604316,1.312373927,3.7982462333,1.2012734888,3.0899809393,1.187385934,2.7705671793,1.2498799305,2.2358963201,1.3887554784,1.3609803688,1.7081692384,1.1457232696,1.7706632349,1.0346228314,1.8470447862,1.1804421566,1.9025950053,1.3332052592,1.9164825601,2.055358108,1.9998078888,2.9511053915,2.0067516662,3.1594187132,1.9650890019,3.6524269081,1.826213454,4.2843106507,1.7359443479,4.200985322,1.3956992557,3.7982462333,1.3679241462,3.1941376002,1.4373619201
150,F2-9-7,9,7,780.023,3663.996,795.266,4.697292259,1.019541731,37,,5.3306120461,2.1537826449,4.9998525684,1.8537914908,4.6306326865,1.6614894689,3.7768117094,1.3691903957,3.2306739673,1.2999616678,2.392237152,1.3230379104,0.9922784328,1.653797388,0.8768972197,1.6307211454,0.6692110361,1.7230261159,0.8999734623,1.8307152481,1.1230438077,1.8230231673,1.9230202186,2.1922430492,3.2537502099,2.3691609094,3.8075800329,2.392237152,4.4998673116,2.3460846667,5.0152367302,2.3537767476,4.9767763258,1.961480623,4.5614039586,1.899943976,3.7537354668,1.8845598143
151,F2-9-8,9,8,876,3768.196,858.524,4.301593607,0.9800502283,36,,4.5,1.7671232877,4.1643835616,1.5205479452,3.7397260274,1.3356164384,2.9315068493,1.1232876712,2.4452054795,1.1095890411,1.7260273973,1.1849315068,0.7123287671,1.4178082192,0.3356164384,1.4589041096,0.2260273973,1.5410958904,0.3561643836,1.6301369863,0.6712328767,1.6575342466,1.2328767123,1.9452054795,2.5547945205,2.1301369863,2.8630136986,2.1369863014,3.5205479452,2.0684931507,4.1849315068,2,4.1369863014,1.6095890411,3.7397260274,1.5136986301,2.9383561644,1.5
152,F2-9-9,9,9,876.329,2850.101,1158.016,3.252318479,1.321439779,NA,pacman fish ,3.847869921,1.4515096499,3.4233718158,1.2803410591,2.937253018,1.2255671101,2.1635709876,1.1981801355,1.766459857,1.1844866483,1.4788966244,1.2118736228,1.0680920065,1.4172759318,0.7052145941,1.3625019827,0.6093601832,1.4104291881,0.7189080813,1.5679042917,0.8900766721,1.6295249843,1.0543985193,2.0129426277,2.2320384239,2.5264484001,2.2525786548,2.5401418874,3.0057204543,2.0882568077,3.642467612,1.7527663697,3.4165250722,1.3625019827,2.9509465053,1.3282682645,2.3758200402,1.4857433681
