population,individual,DSC code,Folder,
RT,14,4239,ROOT,
RT,13,4240,ROOT,
RT,12,4241,ROOT,
RT,11,4242,ROOT,
RT,10,4243,ROOT,
RT,9,4245,ROOT,
RT,8,4247,ROOT,
RT,7,4248,ROOT,
RT,6,4249,ROOT,
RT,5,4251,ROOT,
RT,4,4252,ROOT,
RT,3,4253,ROOT,
RT,2,4255,ROOT,
RT,1,4256,ROOT,
MB,37,4257,ROOT,
MB,36,4258,ROOT,
MB,35,4261,ROOT,
MB,34,4262,ROOT,
MB,33,4264,ROOT,
MB,32,4266,ROOT,
MB,31,4268,ROOT,
MB,30,4270,ROOT,
MB,29,4273,ROOT,
MB,28,4275,ROOT,
MB,27,4276,ROOT,
RT,15,4277,ROOT,
RT,16,4280,ROOT,
RT,17,4281,ROOT,
RT,18,4282,ROOT,
RT,19,4283,ROOT,
RT,20,4284,ROOT,
RT,21,4286,ROOT,
RT,22,4288,ROOT,
RT,23,4290,ROOT,
RT,24,4293,ROOT,
RT,25,4295,ROOT,
RT,26,4297,ROOT,
RT,27,4300,ROOT,
RT,28,4301,ROOT,
RT,29,4304,ROOT,
RT,30,4306,ROOT,
RT,31,4310,ROOT,
RT,32,4311,ROOT,
RT,33,4312,ROOT,
RT,34,4314,ROOT,
RT,35,4318,ROOT,
RT,36,4319,ROOT,
RT,37,4320,ROOT,
RT,38,4324,ROOT,
RT,39,4325,ROOT,
RT,40,4326,ROOT,
RT,41,4330,ROOT,
RT,42,4331,ROOT,
RT,43,4335,ROOT,
RT,44,4336,ROOT,
RT,45,4339,ROOT,
RT,46,4349,ROOT,
RT,47,4350,ROOT,
RT,48,4353,ROOT,
RT,49,4359,ROOT,
RT,50,4360,ROOT,
RT,51,4361,ROOT,
RT,52,4362,ROOT,
RT,53,4366,ROOT,
RT,54,4367,ROOT,
RT,55,4368,ROOT,
RT,56,4372,ROOT,
RT,57,4373,ROOT,
RT,58,4379,ROOT,
RT,59,4380,ROOT,
RT,60,4382,ROOT,
RT,61,4385,ROOT,
RT,62,4386,ROOT,
RT,63,4388,ROOT,
RT,64,4389,ROOT,
RT,65,4390,ROOT,
RT,66,4391,ROOT,
RT,67,4392,ROOT,
RT,68,4395,ROOT,
RT,69,4396,ROOT,
RT,70,4399,ROOT,
RT,71,4400,ROOT,
RT,72,4404,ROOT,
RT,73,4406,ROOT,
RT,74,4407,ROOT,
RT,75,4408,ROOT,
MB,3,4412,ROOT,
MB,4,4414,ROOT,
MB,5,4415,ROOT,
MB,6,4417,ROOT,
MB,7,4418,ROOT,
MB,8,4419,ROOT,
MB,9,4420,ROOT,
MB,10,4421,ROOT,
MB,11,4422,ROOT,
MB,12,4423,ROOT,
MB,13,4424,ROOT,
MB,14,4425,ROOT,
MB,15,4427,ROOT,
MB,16,4428,ROOT,
MB,17,4429,ROOT,
MB,18,4431,ROOT,
MB,19,4433,ROOT,
MB,20,4435,ROOT,
MB,21,4436,ROOT,
MB,22,4437,ROOT,
MB,23,4438,ROOT,
MB,24,4439,ROOT,
MB,25,4441,ROOT,
MB,26,4442,ROOT,
MB,38,4443,ROOT,
MB,1,4444,ROOT,
MB,2,4445,ROOT,
MR,47,4447,ROOT,
MR,48,4448,ROOT,
MR,49,4450,ROOT,
MR,50,4451,ROOT,
MR,51,4452,ROOT,
MR,52,4453,ROOT,
MR,53,4454,ROOT,
MR,54,4456,ROOT,
MR,55,4457,ROOT,
MR,56,4458,ROOT,
MR,57,4460,ROOT,
MR,58,4461,ROOT,
MR,59,4462,ROOT,
MR,60,4464,ROOT,
MR,61,4465,ROOT,
MR,62,4466,ROOT,
MR,63,4468,ROOT,
MR,64,4470,ROOT,
MR,65,4471,ROOT,
MR,66,4472,ROOT,
MR,67,4473,ROOT,
MR,68,4477,ROOT,
MR,69,4480,ROOT,
SR2014,164,4482,ROOT,
SR2014,165,4483,ROOT,
SR2014,166,4484,ROOT,
SR2014,167,4486,ROOT,
SR2014,168,4487,ROOT,
SR2014,169,4488,ROOT,
SR2014,170,4490,ROOT,
SR2014,171,4491,ROOT,
SR2014,172,4493,ROOT,
SR2014,173,4494,ROOT,
SR2014,174,4495,ROOT,
SR2014,175,4496,ROOT,
SR2014,176,4500,ROOT,
SR2014,177,4501,ROOT,
SR2014,178,4502,ROOT,
SR2014,179,4503,ROOT,
SR2014,180,4505,ROOT,
SR2014,181,4507,ROOT,
SR2014,182,4508,ROOT,
SR2014,183,4511,ROOT,
SR2014,184,4513,ROOT,
SR2014,185,4514,ROOT,
SR2014,186,4516,ROOT,
SR2014,187,4517,ROOT,
SR2014,188,4519,ROOT,
PR,1,4520,ROOT,
PR,2,4523,ROOT,
PR,3,4525,ROOT,
PR,4,4527,ROOT,
PR,5,4529,ROOT,
PR,6,4531,ROOT,
PR,7,4533,ROOT,
PR,8,4535,ROOT,
PR,9,4536,ROOT,
PR,10,4538,ROOT,
PR,11,4539,ROOT,
PR,12,4541,ROOT,
PR,13,4543,ROOT,
PR,14,4544,ROOT,
PR,15,4550,ROOT,
PR,16,4553,ROOT,
SR2014,197,4555,ROOT,
SR2014,196,4557,ROOT,
SR2014,195,4559,ROOT,
SR2014,194,4562,ROOT,
SR2014,193,4565,ROOT,
SR2014,192,4567,ROOT,
SR2014,191,4569,ROOT,
SR2014,190,4571,ROOT,
SR2014,189,4573,ROOT,
SR2014,150,4575,ROOT,
SR2014,151,4576,ROOT,
SR2014,152,4578,ROOT,
SR2014,153,4580,ROOT,
SR2014,154,4583,ROOT,
SR2014,155,4588,ROOT,
SR2014,156,4590,ROOT,
SR2014,157,4591,ROOT,
SR2014,158,4594,ROOT,
SR2014,159,4596,ROOT,
SR2014,160,4600,ROOT,
SR2014,161,4602,ROOT,
SR2014,162,4604,ROOT,
SR2014,163,4606,ROOT,
CPN,36,4608,ROOT,
CPN,35,4609,ROOT,
CPN,34,4611,ROOT,
CPN,33,4613,ROOT,
CPN,32,4615,ROOT,
CPN,31,4618,ROOT,
CPN,30,4620,ROOT,
CPN,29,4623,ROOT,
CPN,28,4625,ROOT,
CPN,27,4627,ROOT,
CPN,26,4629,ROOT,
SR2014,1,4631,ROOT,
SR2014,2,4635,ROOT,
SR2014,3,4638,ROOT,
SR2014,4,4640,ROOT,
SR2014,5,N,ROOT,
SR2014,6,4642,ROOT,
SR2014,7,4644,ROOT,
SR2014,8,4646,ROOT,
SR2014,9,4648,ROOT,
SR2014,10,4649,ROOT,
SR2014,11,4650,ROOT,
SR2014,12,4655,ROOT,
SR2014,13,4657,ROOT,
SR2014,14,4659,ROOT,
SR2014,15,4662,ROOT,
SR2014,16,4664,ROOT,
SR2014,17,4665,ROOT,
SR2014,18,4667,ROOT,
SR2014,19,4671,ROOT,
SR2014,20,4674,ROOT,
SR2014,21,4678,ROOT,
SR2014,22,4679,ROOT,
SR2014,23,4680,ROOT,
SR2014,24,4683,ROOT,
SR2014,25,4684,ROOT,
SR2014,26,4688,ROOT,
SR2014,27,4691,ROOT,
SR2014,28,4692,ROOT,
SR2014,29,4694,ROOT,
SR2014,30,4696,ROOT,
SR2014,31,4697,ROOT,
SR2014,32,4699,ROOT,
SR2014,33,4701,ROOT,
SR2014,34,4702,ROOT,
SR2014,35,4704,ROOT,
SR2014,36,N,ROOT,
SR2014,37,4705,ROOT,
SR2014,38,4706,ROOT,
SR2014,39,4709,ROOT,
SR2014,40,4711,ROOT,
SR2014,41,4712,ROOT,
SR2014,42,4714,ROOT,
SR2014,43,4715,ROOT,
SR2014,44,4716,ROOT,
SR2014,45,4717,ROOT,
SR2014,46,4719,ROOT,
SR2014,47,4721,ROOT,
SR2014,48,4723,ROOT,
SR2014,49,4726,ROOT,
SR2014,50,4727,ROOT,
SR2014,126,4728,ROOT,
SR2014,127,4729,ROOT,
SR2014,128,4730,ROOT,
SR2014,129,431,ROOT,
SR2014,130,4733,ROOT,
SR2014,131,4734,ROOT,
SR2014,132,4738,ROOT,
SR2014,133,4739,ROOT,
SR2014,134,4740,ROOT,
SR2014,135,4741,ROOT,
SR2014,136,4743,ROOT,
SR2014,137,4744,ROOT,
SR2014,138,4745,ROOT,
SR2014,139,4746,ROOT,
SR2014,140,4747,ROOT,
SR2014,141,4748,ROOT,
SR2014,142,4749,ROOT,
SR2014,143,4751,ROOT,
SR2014,144,4752,ROOT,
SR2014,145,4753,ROOT,
SR2014,146,4754,ROOT,
SR2014,147,4755,ROOT,
SR2014,148,4756,ROOT,
SR2014,149,4757,ROOT,
SR2014,150,N,ROOT,
SR2014,76,4760,ROOT,
SR2014,77,4762,ROOT,
SR2014,78,4763,ROOT,
SR2014,79,4765,ROOT,
SR2014,80,4766,ROOT,
SR2014,81,4767,ROOT,
SR2014,82,4768,ROOT,
SR2014,83,4770,ROOT,
SR2014,84,4771,ROOT,
SR2014,85,4773,ROOT,
SR2014,86,4775,ROOT,
SR2014,87,4776,ROOT,
SR2014,88,4777,ROOT,
SR2014,89,4779,ROOT,
SR2014,90,4780,ROOT,
SR2014,91,4781,ROOT,
SR2014,92,4784,ROOT,
SR2014,93,4786,ROOT,
SR2014,94,4787,ROOT,
SR2014,95,4789,ROOT,
SR2014,96,4791,ROOT,
SR2014,97,4793,ROOT,
SR2014,98,4797,ROOT,
SR2014,99,4799,ROOT,
SR2014,100,4801,ROOT,
SR2014,101,4803,ROOT,
SR2014,102,4804,ROOT,
SR2014,103,4806,ROOT,
SR2014,104,4807,ROOT,
SR2014,105,4809,ROOT,
SR2014,106,4811,ROOT,
SR2014,107,4812,ROOT,
SR2014,108,4814,ROOT,
SR2014,109,4815,ROOT,
SR2014,110,4816,ROOT,
SR2014,111,4820,ROOT,
SR2014,112,4822,ROOT,
SR2014,113,4825,ROOT,
SR2014,114,4827,ROOT,
SR2014,115,4829,ROOT,
SR2014,116,4832,ROOT,
SR2014,117,4834,ROOT,
SR2014,118,4837,ROOT,
SR2014,119,4839,ROOT,
SR2014,120,4841,ROOT,
SR2014,121,4844,ROOT,
SR2014,122,4846,ROOT,
SR2014,123,4848,ROOT,
SR2014,124,4849,ROOT,
SR2014,125,4850,ROOT,
SR2014,51,4851,ROOT,
SR2014,52,4853,ROOT,
SR2014,53,4855,ROOT,
SR2014,54,4856,ROOT,
SR2014,55,4858,ROOT,
SR2014,56,4860,ROOT,
SR2014,57,4863,ROOT,
SR2014,58,4865,ROOT,
SR2014,59,4866,ROOT,
SR2014,60,4867,ROOT,
SR2014,61,4868,ROOT,
SR2014,62,4870,ROOT,
SR2014,63,4873,ROOT,
SR2014,64,4875,ROOT,
SR2014,65,4877,ROOT,
SR2014,66,4878,ROOT,
SR2014,67,4880,ROOT,
SR2014,68,4883,ROOT,
SR2014,69,4885,ROOT,
SR2014,70,4889,ROOT,
SR2014,71,4892,ROOT,
SR2014,72,4895,ROOT,
SR2014,73,4897,ROOT,
SR2014,74,4899,ROOT,
SR2014,75,4900,ROOT,
PR,17,4903,ROOT,
PR,18,4905,ROOT,
PR,19,4907,ROOT,
PR,20,4909,ROOT,
PR,21,4910,ROOT,
PR,22,4912,ROOT,
PR,23,4915,ROOT,
PR,24,4917,ROOT,
PR,25,4918,ROOT,
PR,26,4919,ROOT,
PR,27,4921,ROOT,
PR,28,4923,ROOT,
PR,29,4924,ROOT,
PR,30,4926,ROOT,
PR,31,4928,ROOT,
PR,32,4932,ROOT,
PR,33,4934,ROOT,
PR,34,4936,ROOT,
PR,35,4939,ROOT,
PR,36,4941,ROOT,
PR,37,4942,ROOT,
PR,38,4945,ROOT,
PR,39,4946,ROOT,
PR,40,4948,ROOT,
PR,41,4949,ROOT,
PR,42,4951,ROOT,
PR,43,4955,ROOT,
PR,44,4957,ROOT,
PR,45,4980,ROOT,
PR,46,4961,ROOT,
PR,47,4963,ROOT,
PR,48,4965,ROOT,
PR,49,4967,ROOT,
PR,50,4969,ROOT,
PR,51,4970,ROOT,
PR,52,4972,ROOT,
PR,53,4975,ROOT,
PR,54,4977,ROOT,
PR,55,4978,ROOT,
PR,56,4981,ROOT,
PR,57,4983,ROOT,
PR,58,4986,ROOT,
PR,59,4989,ROOT,
PR,60,4990,ROOT,
PR,61,4992,ROOT,
PR,62,4993,ROOT,
PR,63,4994,ROOT,
PR,64,4996,ROOT,
PR,65,4998,ROOT,
MR,1,4999,ROOT,
MR,2,5000,ROOT,
MR,3,5002,ROOT,
MR,4,5004,ROOT,
MR,5,5006,ROOT,
MR,6,5011,ROOT,
MR,7,5008,ROOT,
MR,8,5007,ROOT,
MR,9,5013,ROOT,
MR,10,5015,ROOT,
MR,11,5021,ROOT,
MR,12,5023,ROOT,
MR,13,5025,ROOT,
MR,14,5027,ROOT,
MR,15,5029,ROOT,
MR,16,5030,ROOT,
MR,17,5032,ROOT,
MR,18,5033,ROOT,
MR,19,5037,ROOT,
MR,20,5039,ROOT,
MR,21,5040,ROOT,
PR,66,5041,ROOT,
PR,67,5043,ROOT,
PR,68,5045,ROOT,
PR,69,5047,ROOT,
PR,70,5049,ROOT,
PR,71,5052,ROOT,
PR,72,5054,ROOT,
PR,73,5056,ROOT,
PR,74,5058,ROOT,
PR,75,5060,ROOT,
PR,76,5063,ROOT,
PR,77,5064,ROOT,
PR,78,5066,ROOT,
PR,79,5068,ROOT,
PR,80,5070,ROOT,
PR,81,5072,ROOT,
PR,82,5075,ROOT,
PR,83,5080,ROOT,
PR,84,5083,ROOT,
PR,85,5086,ROOT,
PR,86,5087,ROOT,
PR,87,5089,ROOT,
PR,88,5090,ROOT,
PR,89,5091,ROOT,
PR,90,5097,ROOT,
PR,99,5077,ROOT,
CPN,1,5100,ROOT,
CPN,2,5101,ROOT,
CPN,3,5102,ROOT,
CPN,4,5103,ROOT,
CPN,5,5104,ROOT,
CPN,6,5107,ROOT,
CPN,7,5108,ROOT,
CPN,8,5109,ROOT,
CPN,9,5111,ROOT,
CPN,10,5113,ROOT,
CPN,11,5114,ROOT,
CPN,12,5115,ROOT,
CPN,13,5116,ROOT,
CPN,14,5118,ROOT,
CPN,15,5119,ROOT,
CPN,16,5120,ROOT,
CPN,17,5122,ROOT,
CPN,18,5123,ROOT,
CPN,19,5124,ROOT,
CPN,20,5125,ROOT,
CPN,21,5126,ROOT,
CPN,22,5127,ROOT,
CPN,23,5128,ROOT,
CPN,24,5130,ROOT,
CPN,25,5131,ROOT,
SF2014,1,5137,ROOT,
SF2014,2,5132,ROOT,
SF2014,3,5133,ROOT,
SF2014,4,5134,ROOT,
SF2014,5,5135,ROOT,
SF2014,6,N,ROOT,
SF2014,7,5136,ROOT,
AL2014,34,5252,ROOT,
AL2014,35,5533,ROOT,
AL2014,36,5254,ROOT,
AL2014,37,5255,ROOT,
AL2014,38,5256,ROOT,
AL2014,39,5257,ROOT,
AL2014,40,5258,ROOT,
AL2014,41,5259,ROOT,
AL2014,42,5260,ROOT,
AL2014,43,5261,ROOT,
AL2014,44,5262,ROOT,
AL2014,45,5263,ROOT,
CL,1,5233,ROOT,
CL,2,5236,ROOT,
CL,3,5237,ROOT,
CL,4,5239,ROOT,
CL,5,5240,ROOT,
CL,6,5241,ROOT,
CL,7,5242,ROOT,
CL,8,5243,ROOT,
CL,9,5244,ROOT,
CL,10,5245,ROOT,
CL,11,5247,ROOT,
CL,12,5248,ROOT,
CL,13,5250,ROOT,
CL,14,5251,ROOT,
CL,16,5264,ROOT,
CL,17,5265,ROOT,
CL,18,5267,ROOT,
CL,19,5268,ROOT,
CL,20,5269,ROOT,
CL,21,5270,ROOT,
CL,22,5271,ROOT,
CL,23,5272,ROOT,
CL,24,5273,ROOT,
CL,25,5276,ROOT,
CL,26,5277,ROOT,
CL,27,5278,ROOT,
CL,28,5279,ROOT,
CL,29,5280,ROOT,
CL,30,5281,ROOT,
CL,31,5282,ROOT,
CL,32,5283,ROOT,
CL,33,5284,ROOT,
CL,34,5285,ROOT,
CL,35,5286,ROOT,
CL,36,5287,ROOT,
CL,37,5288,ROOT,
CL,38,5289,ROOT,
CL,39,5290,ROOT,
CL,40,5292,ROOT,
CL,41,5294,ROOT,
CL,42,5295,ROOT,
CL,43,5297,ROOT,
CL,44,5298,ROOT,
CL,45,5299,ROOT,
CL,46,5300,ROOT,
CL,47,5302,ROOT,
CL,48,5304,ROOT,
CL,49,5306,ROOT,
CL,50,5308,ROOT,
CL,51,5309,ROOT,
CL,52,N,ROOT,
CL,53,5312,ROOT,
CL,54,5312,ROOT,CHECK
CL,55,5313,ROOT,
CL,56,5314,ROOT,
CL,57,5315,ROOT,
CL,58,5316,ROOT,
CL,59,5318,ROOT,
CL,60,5319,ROOT,
CL,61,5322,ROOT,
CL,62,5323,ROOT,
CL,63,5324,ROOT,
CL,64,5325,ROOT,
CL,65,5327,ROOT,
MR,22,5329,ROOT,
MR,23,5330,ROOT,
MR,24,5331,ROOT,
MR,25,5332,ROOT,
MR,26,5334,ROOT,
MR,27,5335,ROOT,
MR,28,5336,ROOT,
MR,29,5337,ROOT,
MR,30,5338,ROOT,
MR,31,5340,ROOT,
MR,32,5341,ROOT,
MR,33,5342,ROOT,
MR,34,5343,ROOT,
MR,35,5345,ROOT,
MR,36,5347,ROOT,
MR,37,5348,ROOT,
MR,38,5349,ROOT,
MR,39,5350,ROOT,
MR,40,5352,ROOT,
MR,41,5353,ROOT,
MR,42,5354,ROOT,
MR,43,5357,ROOT,
MR,44,5358,ROOT,
MR,45,5359,ROOT,
MR,46,5361,ROOT,
AL2014,1,5362,ROOT,
AL2014,2,5363,ROOT,
AL2014,3,5364,ROOT,
AL2014,4,5365,ROOT,
AL2014,5,5367,ROOT,
AL2014,6,5368,ROOT,
AL2014,7,5369,ROOT,
AL2014,8,5370,ROOT,
AL2014,9,5371,ROOT,
AL2014,10,5372,ROOT,
AL2014,11,5373,ROOT,
AL2014,12,5374,ROOT,
AL2014,13,5376,ROOT,
AL2014,14,5377,ROOT,
AL2014,15,5379,ROOT,
AL2014,16,5380,ROOT,
AL2014,17,5382,ROOT,
AL2014,18,5384,ROOT,
AL2014,19,5385,ROOT,
AL2014,20,5386,ROOT,
AL2014,21,5387,ROOT,
AL2014,22,5388,ROOT,
AL2014,23,5389,ROOT,
AL2014,24,5392,ROOT,
AL2014,25,5393,ROOT,
AL2014,26,5524,ROOT,
AL2014,27,5525,ROOT,
AL2014,28,5526,ROOT,
AL2014,29,5528,ROOT,
AL2014,30,5529,ROOT,
AL2014,31,5530,ROOT,
AL2014,32,5531,ROOT,
AL2014,33,5532,ROOT,
AL2014,34,5252,ROOT,
AL2014,35,5533,ROOT,
CPS,1,5534,ROOT,
CPS,2,5535,ROOT,
CPS,3,5536,ROOT,
CPS,4,5537,ROOT,
CPS,5,5538,ROOT,
CPS,6,5539,ROOT,
CPS,7,5541,ROOT,
CPS,8,5542,ROOT,
CPS,9,5543,ROOT,
CPS,10,5544,ROOT,
CPS,11,5546,ROOT,
CPS,12,5547,ROOT,
CPS,13,5548,ROOT,
CPS,14,5550,ROOT,
SH,1,5551,ROOT,
SH,2,5552,ROOT,
SH,3,5553,ROOT,
SH,4,5554,ROOT,
SH,5,5556,ROOT,
SH,6,5557,ROOT,
SH,7,5558,ROOT,
SH,8,5559,ROOT,
SH,9,5560,ROOT,
SH,10,5561,ROOT,
SH,11,5562,ROOT,
SH,12,5563,ROOT,
SH,13,5564,ROOT,
SH,14,5565,ROOT,
SH,15,N,ROOT,
SH,16,5566,ROOT,
SH,17,5567,ROOT,
SH,18,5568,ROOT,
SH,19,5569,ROOT,
SH,20,5570,ROOT,
SK,1,5571,ROOT,
SK,17,5572,ROOT,
SK,18,5573,ROOT,
SK,19,5574,ROOT,
SK,20,5575,ROOT,
SK,21,5576,ROOT,
SK,22,5579,ROOT,
SK,23,5580,ROOT,
SK,24,5581,ROOT,
SK,25,5582,ROOT,
SK,26,5583,ROOT,
SK,27,5584,ROOT,
SK,28,5586,ROOT,
SK,29,5587,ROOT,
SK,30,5588,ROOT,
SK,31,5589,ROOT,
SK,32,5591,ROOT,
SK,33,5592,ROOT,
SK,34,5593,ROOT,
SK,35,5594,ROOT,
SK,36,5595,ROOT,
SK,37,5596,ROOT,
SK,38,5597,ROOT,
SK,39,5598,ROOT,
SK,40,5599,ROOT,
PQ2014,1,5610,ROOT,
PQ2014,2,5600,ROOT,
PQ2014,3,5601,ROOT,
PQ2014,4,5602,ROOT,
PQ2014,5,5604,ROOT,
PQ2014,7,5605,ROOT,
PQ2014,10,5606,ROOT,
PQ2014,12,5608,ROOT,
PQ2014,16,5613,ROOT,
PQ2014,17,5615,ROOT,
PQ2014,18,5616,ROOT,
PQ2014,19,5617,ROOT,
PQ2014,20,5618,ROOT,
PQ2014,21,5619,ROOT,
PQ2014,22,5620,ROOT,
PQ2014,23,5621,ROOT,
PQ2014,25,5622,ROOT,
PQ2014,26,5623,ROOT,
SK,41,5636,ROOT,
SK,42,5637,ROOT,
SK,43,5640,ROOT,
SK,44,5642,ROOT,
SK,45,5643,ROOT,
SK,46,5644,ROOT,
SK,47,5645,ROOT,
SK,48,5647,ROOT,
SK,49,5648,ROOT,
AL-S-2014,1,5649,ROOT,
AL-S-2014,2,5650,ROOT,
AL-S-2014,3,5651,ROOT,
AL-S-2014,4,5652,ROOT,
AL-S-2014,5,5653,ROOT,
AL-S-2014,6,5654,ROOT,
AL-S-2014,7,5655,ROOT,
AL-S-2014,8,5656,ROOT,
AL-S-2014,9,5657,ROOT,
AL-S-2014,10,5658,ROOT,
AL-S-2014,11,5660,ROOT,
AL-S-2014,12,5661,ROOT,
AL-S-2014,13,5662,ROOT,
AL-S-2014,14,5664,ROOT,
AL-S-2014,15,5665,ROOT,
AL-S-2014,16,5666,ROOT,
SK,2,5667,ROOT,
SK,3,5669,ROOT,
SK,4,5670,ROOT,
SK,5,5671,ROOT,
SK,6,5672,ROOT,
SK,7,5673,ROOT,
SK,8,5676,ROOT,
SK,9,5677,ROOT,
SK,10,5678,ROOT,
SK,11,5683,ROOT,
SK,12,5684,ROOT,
SK,13,5686,ROOT,
SK,14,5687,ROOT,
SK,15,5689,ROOT,
SK,16,5690,ROOT,
PP2014,37,5692,ROOT,
PP2014,38,5693,ROOT,
PP2014,39,5694,ROOT,
PP2014,40,5697,ROOT,
PP2014,41,5698,ROOT,
PP2014,42,5699,ROOT,
PP2014,43,5701,ROOT,
PP2014,44,5702,ROOT,
PP2014,45,5703,ROOT,
PP2014,46,5704,ROOT,
SF2014,88,3,1/16/2015,
SF2014,87,4,1/16/2015,
SF2014,86,5,1/16/2015,
SF2014,85,6,1/16/2015,
SF2014,84,7,1/16/2015,
SF2014,89,8,1/16/2015,
SF2014,90,9,1/16/2015,
SF2014,91,10,1/16/2015,
SF2014,92,11,1/16/2015,
SF2014,93,12,1/16/2015,
SF2014,94,13,1/16/2015,
SF2014,95,14,1/16/2015,
SF2014,96,15,1/16/2015,
SF2014,97,16,1/16/2015,
SF2014,98,17,1/16/2015,
SF2014,99,18,1/16/2015,
SF2014,100,19,1/16/2015,
SF2014,101,20,1/16/2015,
SF2014,102,21,1/16/2015,
SF2014,103,22,1/16/2015,
SF2014,104,23,1/16/2015,
SF2014,9,1,1/19/2015,
SF2014,10,2,1/19/2015,
SF2014,11,3,1/19/2015,
SF2014,12,4,1/19/2015,
SF2014,13,5,1/19/2015,
SF2014,14,6,1/19/2015,
SF2014,15,7,1/19/2015,
SF2014,16,8,1/19/2015,
SF2014,17,9,1/19/2015,
SF2014,18,10,1/19/2015,
SF2014,19,11,1/19/2015,
SF2014,20,12,1/19/2015,
SF2014,21,13,1/19/2015,
SF2014,22,14,1/19/2015,
SF2014,23,15,1/19/2015,
SF2014,24,16,1/19/2015,
SF2014,25,17,1/19/2015,
SF2014,26,18,1/19/2015,
SF2014,27,19,1/19/2015,
SF2014,28,20,1/19/2015,
SF2014,29,21,1/19/2015,
SF2014,30,22,1/19/2015,
SF2014,31,23,1/19/2015,
SF2014,32,24,1/19/2015,
SF2014,33,25,1/19/2015,
SF2014,59,1,1/20/2015,
SF2014,60,2,1/20/2015,
SF2014,61,3,1/20/2015,
SF2014,62,4,1/20/2015,
SF2014,63,5,1/20/2015,
SF2014,64,6,1/20/2015,
SF2014,65,7,1/20/2015,
SF2014,66,8,1/20/2015,
SF2014,67,9,1/20/2015,
SF2014,68,10,1/20/2015,
SF2014,69,11,1/20/2015,
SF2014,70,12,1/20/2015,
SF2014,71,13,1/20/2015,
SF2014,72,14,1/20/2015,
SF2014,73,15,1/20/2015,
SF2014,74,16,1/20/2015,
SF2014,76,17,1/20/2015,
SF2014,77,18,1/20/2015,
SF2014,79,19,1/20/2015,
SF2014,80,20,1/20/2015,
SF2014,81,21,1/20/2015,
SF2014,82,22,1/20/2015,
SF2014,83,23,1/20/2015,
PP2014,12,24,1/20/2015,
PP2014,13,25,1/20/2015,
PP2014,14,26,1/20/2015,
PP2014,15,27,1/20/2015,
PP2014,16,28,1/20/2015,
PP2014,17,29,1/20/2015,
PP2014,18,30,1/20/2015,
PP2014,19,31,1/20/2015,
PP2014,20,32,1/20/2015,
PP2014,21,33,1/20/2015,
PP2014,22,34,1/20/2015,
PP2014,23,35,1/20/2015,
PP2014,24,36,1/20/2015,
PP2014,25,37,1/20/2015,
PP2014,26,38,1/20/2015,
PP2014,27,39,1/20/2015,
PP2014,28,40,1/20/2015,
PP2014,29,41,1/20/2015,
PP2014,30,42,1/20/2015,
PP2014,31,43,1/20/2015,
PP2014,32,44,1/20/2015,
PP2014,33,45,1/20/2015,
PP2014,34,46,1/20/2015,
PP2014,35,47,1/20/2015,
PP2014,36,48,1/20/2015,
BK,51,1,1/21/2015,
BK,52,2,1/21/2015,
BK,53,3,1/21/2015,
BK,54,4,1/21/2015,
BK,55,5,1/21/2015,
BK,56,6,1/21/2015,
BK,57,7,1/21/2015,
BK,58,8,1/21/2015,
BK,59,9,1/21/2015,
BK,60,10,1/21/2015,
BK,61,11,1/21/2015,
BK,62,12,1/21/2015,
BK,63,13,1/21/2015,
BK,64,14,1/21/2015,
BK,65,15,1/21/2015,
BK,66,16,1/21/2015,
BK,67,17,1/21/2015,
BK,68,18,1/21/2015,
BK,69,19,1/21/2015,
BK,70,20,1/21/2015,
BK,71,21,1/21/2015,
BK,72,22,1/21/2015,
BK,73,23,1/21/2015,
CPSE2014,1,24,1/21/2015,
CPSE2014,2,25,1/21/2015,
CPSE2014,3,26,1/21/2015,
CPSE2014,4,27,1/21/2015,
CPSE2014,5,28,1/21/2015,
CPSE2014,6,29,1/21/2015,
CPSE2014,7,30,1/21/2015,
CPSE2014,8,31,1/21/2015,
CPSE2014,9,32,1/21/2015,
CPSE2014,10,33,1/21/2015,
CPSE2014,11,34,1/21/2015,
CPSE2014,12,35,1/21/2015,
CPSE2014,13,36,1/21/2015,
CPSE2014,14,37,1/21/2015,
CPSE2014,15,38,1/21/2015,
CPSE2014,16,39,1/21/2015,
CPSE2014,17,40,1/21/2015,
CPSE2014,18,41,1/21/2015,
CPSE2014,19,42,1/21/2015,
CPSE2014,20,43,1/21/2015,
CPSE2014,21,44,1/21/2015,
CPSE2014,22,45,1/21/2015,
CPSE2014,23,46,1/21/2015,
CPSE2014,24,47,1/21/2015,
CPSE2014,25,48,1/21/2015,
SF2014,34,49,1/21/2015,
SF2014,35,50,1/21/2015,
SF2014,36,51,1/21/2015,
SF2014,37,52,1/21/2015,
SF2014,38,53,1/21/2015,
SF2014,39,54,1/21/2015,
SF2014,40,55,1/21/2015,
SF2014,41,56,1/21/2015,
SF2014,42,57,1/21/2015,
SF2014,43,58,1/21/2015,
SF2014,44,59,1/21/2015,
SF2014,45,60,1/21/2015,
SF2014,46,61,1/21/2015,
SF2014,47,62,1/21/2015,
SF2014,48,63,1/21/2015,
SF2014,49,64,1/21/2015,
SF2014,50,65,1/21/2015,
SF2014,51,66,1/21/2015,
SF2014,52,67,1/21/2015,
SF2014,53,68,1/21/2015,
SF2014,54,69,1/21/2015,
SF2014,55,70,1/21/2015,
SF2014,56,71,1/21/2015,
SF2014,57,72,1/21/2015,
SF2014,58,73,1/21/2015,
GC,1,1,1/22/2015,
GC,2,3,1/22/2015,
GC,3,4,1/22/2015,
GC,4,5,1/22/2015,
GC,5,6,1/22/2015,
GC,6,7,1/22/2015,
GC,7,8,1/22/2015,
GC,8,9,1/22/2015,
GC,9,10,1/22/2015,
GC,10,11,1/22/2015,
GC,11,12,1/22/2015,
GC,12,13,1/22/2015,
GC,13,14,1/22/2015,
GC,14,15,1/22/2015,
GC,15,16,1/22/2015,
GC,16,17,1/22/2015,
GC,17,18,1/22/2015,
GC,18,19,1/22/2015,
GC,19,20,1/22/2015,
GC,20,21,1/22/2015,
GC,21,22,1/22/2015,
GC,22,23,1/22/2015,
GC,23,24,1/22/2015,
GC,24,25,1/22/2015,
GC,25,26,1/22/2015,
TC,1,27,1/22/2015,
TC,2,28,1/22/2015,
TC,3,29,1/22/2015,
TC,4,30,1/22/2015,
TC,5,31,1/22/2015,
TC,6,32,1/22/2015,
TC,7,33,1/22/2015,
TC,8,34,1/22/2015,
TC,9,35,1/22/2015,
TC,10,36,1/22/2015,
TC,11,37,1/22/2015,
TC,12,38,1/22/2015,
TC,13,39,1/22/2015,bottom fish
TC,13A,40,1/22/2015,top fish 
TC,14,41,1/22/2015,
TC,15,42,1/22/2015,
TC,16,43,1/22/2015,
TC,17,44,1/22/2015,
TC,18,45,1/22/2015,
TC,19,46,1/22/2015,
TC,20,47,1/22/2015,
TC,21,48,1/22/2015,
PQ2014,30,49,1/22/2015,
PQ2014,29,50,1/22/2015,
PQ2014,28,51,1/22/2015,
PQ2014,27,52,1/22/2015,
BR,1,1,1/23/2015,
BR,2,2,1/23/2015,
BR,3,3,1/23/2015,
BR,4,4,1/23/2015,
BR,5,5,1/23/2015,
BR,6,6,1/23/2015,
BR,7,7,1/23/2015,
BR,8,8,1/23/2015,
BR,9,9,1/23/2015,
BR,10,10,1/23/2015,
BR,11,11,1/23/2015,
BR,12,12,1/23/2015,
BR,38,13,1/23/2015,
BR,39,14,1/23/2015,
BR,40,15,1/23/2015,
BR,41,16,1/23/2015,
BR,42,17,1/23/2015,
BR,43,18,1/23/2015,
BR,44,19,1/23/2015,
BR,45,20,1/23/2015,
BR,46,21,1/23/2015,
BR,47,22,1/23/2015,
BR,48,23,1/23/2015,
BR,49,24,1/23/2015,
BR,50,25,1/23/2015,
MH,13,26,1/23/2015,
MH,14,27,1/23/2015,
MH,15,28,1/23/2015,
MH,16,29,1/23/2015,
MH,17,30,1/23/2015,
MH,18,31,1/23/2015,
MH,19,32,1/23/2015,
MH,20,33,1/23/2015,
MH,21,34,1/23/2015,
MH,22,35,1/23/2015,
MH,23,36,1/23/2015,
MH,24,37,1/23/2015,
MH,25,38,1/23/2015,
MH,26,39,1/23/2015,
MH,27,40,1/23/2015,
MH,28,41,1/23/2015,
MH,29,42,1/23/2015,
MH,30,43,1/23/2015,
MH,31,44,1/23/2015,
MH,32,45,1/23/2015,
MH,33,46,1/23/2015,
MH,34,47,1/23/2015,
MH,35,48,1/23/2015,
MH,36,49,1/23/2015,
FTGC,1,50,1/23/2015,
FTGC,2,51,1/23/2015,
FTGC,3,52,1/23/2015,
FTGC,4,53,1/23/2015,
FTGC,5,54,1/23/2015,
FTGC,6,55,1/23/2015,
FTGC,7,56,1/23/2015,
FTGC,8,57,1/23/2015,
FTGC,9,58,1/23/2015,
FTGC,10,59,1/23/2015,
FTGC,11,60,1/23/2015,
FTGC,12,61,1/23/2015,
FTGC,13,62,1/23/2015,
FTGC,14,63,1/23/2015,
MH,11,64,1/23/2015,
MH,10,65,1/23/2015,
MH,9,66,1/23/2015,
MH,8,67,1/23/2015,
MH,7,68,1/23/2015,
MH,6,69,1/23/2015,
MH,5,70,1/23/2015,
MH,3,71,1/23/2015,
MH,2,72,1/23/2015,
MH,1,73,1/23/2015,
PP2014,1,74,1/23/2015,
PP2014,2,75,1/23/2015,
PP2014,3,76,1/23/2015,
PP2014,4,77,1/23/2015,
PP2014,5,78,1/23/2015,
PP2014,6,79,1/23/2015,
PP2014,7,80,1/23/2015,
PP2014,8,81,1/23/2015,
PP2014,9,82,1/23/2015,
PP2014,10,83,1/23/2015,
PP2014,11,84,1/23/2015,
GC,50,85,1/23/2015,
MH,37,1,2/3/2015,
MH,38,2,2/3/2015,
MH,39,3,2/3/2015,
MH,40,4,2/3/2015,
MH,41,5,2/3/2015,
MH,42,6,2/3/2015,
MH,43,7,2/3/2015,
GC,46,8,2/3/2015,
GC,47,9,2/3/2015,
GC,48,10,2/3/2015,
GC,49,11,2/3/2015,
GC,41,12,2/3/2015,
GC,51,13,2/3/2015,
BK,1,14,2/3/2015,
BK,2,15,2/3/2015,
BK,3,16,2/3/2015,
BK,4,17,2/3/2015,
BK,5,18,2/3/2015,
BK,6,19,2/3/2015,
BK,7,20,2/3/2015,
BK,8,21,2/3/2015,
BK,9,22,2/3/2015,
BK,10,23,2/3/2015,
BK,11,24,2/3/2015,
BK,12,25,2/3/2015,
BK,13,26,2/3/2015,
BK,14,27,2/3/2015,
BK,15,28,2/3/2015,
BK,16,29,2/3/2015,
BK,17,30,2/3/2015,
BK,18,31,2/3/2015,
BK,19,32,2/3/2015,
BK,20,33,2/3/2015,
BK,21,34,2/3/2015,
BK,22,35,2/3/2015,
BK,23,36,2/3/2015,
BK,24,37,2/3/2015,
BK,25,38,2/3/2015,
BK,26,39,2/3/2015,
BK,27,40,2/3/2015,
BK,28,41,2/3/2015,
BK,29,42,2/3/2015,
BK,30,43,2/3/2015,
BK,31,44,2/3/2015,
BK,32,45,2/3/2015,
BK,33,46,2/3/2015,
BK,34,47,2/3/2015,
BK,35,48,2/3/2015,
BK,36,49,2/3/2015,
BK,37,50,2/3/2015,
BK,38,51,2/3/2015,
BK,39,52,2/3/2015,
BK,40,53,2/3/2015,
BK,41,54,2/3/2015,
BK,42,55,2/3/2015,
BK,43,56,2/3/2015,
BK,44,57,2/3/2015,
BK,45,58,2/3/2015,
BK,46,59,2/3/2015,
BK,47,60,2/3/2015,
BK,48,61,2/3/2015,
BK,49,62,2/3/2015,
BK,50,63,2/3/2015,
BR,13,64,2/3/2015,
BR,14,65,2/3/2015,
BR,15,66,2/3/2015,
BR,16,67,2/3/2015,
BR,17,68,2/3/2015,
BR,18,69,2/3/2015,
BR,19,70,2/3/2015,
BR,20,71,2/3/2015,
BR,21,72,2/3/2015,
BR,22,73,2/3/2015,
BR,23,74,2/3/2015,
BR,24,75,2/3/2015,
BR,25,76,2/3/2015,
BR,26,77,2/3/2015,
BR,27,78,2/3/2015,
BR,28,79,2/3/2015,
BR,29,80,2/3/2015,
BR,30,81,2/3/2015,
BR,31,82,2/3/2015,
BR,32,83,2/3/2015,
BR,33,84,2/3/2015,
BR,34,85,2/3/2015,
BR,35,86,2/3/2015,
BR,36,87,2/3/2015,
BR,37,88,2/3/2015,
BR,51,89,2/3/2015,
BR,52,90,2/3/2015,
BR,53,91,2/3/2015,
BR,54,92,2/3/2015,
BR,55,93,2/3/2015,
BR,56,94,2/3/2015,
BR,57,95,2/3/2015,
BR,58,96,2/3/2015,
BR,59,97,2/3/2015,
BR,60,98,2/3/2015,
BR,61,99,2/3/2015,
BR,62,100,2/3/2015,
BR,63,101,2/3/2015,
BR,64,102,2/3/2015,
BR,65,103,2/3/2015,
BR,66,104,2/3/2015,
BR,67,105,2/3/2015,
BR,68,106,2/3/2015,
BR,69,107,2/3/2015,
BR,70,108,2/3/2015,
CPSE2014,26,109,2/3/2015,
CPSE2014,27,110,2/3/2015,
CPSE2014,28,111,2/3/2015,
CPSE2014,29,112,2/3/2015,
CPSE2014,30,113,2/3/2015,
CPSE2014,31,114,2/3/2015,
CPSE2014,32,115,2/3/2015,
CPSE2014,33,116,2/3/2015,
CPSE2014,34,117,2/3/2015,
CPSE2014,35,118,2/3/2015,
CPSE2014,36,119,2/3/2015,
CPSE2014,37,120,2/3/2015,
CPSE2014,38,121,2/3/2015,
CPSE2014,39,122,2/3/2015,
CPSE2014,40,123,2/3/2015,
CPN,26,124,2/3/2015,
CPN,27,125,2/3/2015,
CPN,28,126,2/3/2015,
CPN,29,127,2/3/2015,
CPN,30,128,2/3/2015,
CPN,31,129,2/3/2015,
CPN,32,130,2/3/2015,
CPN,33,131,2/3/2015,
CPN,34,132,2/3/2015,
SH,21,1,2/5/2015,
AL-S-2014,4,2,2/5/2015,
SF2014,78,3,2/5/2015,
SF2014,75,4,2/5/2015,
SH,15,5,2/5/2015,
CPS,15,6,2/5/2015,
CD,1,7,2/5/2015,
CL,52,8,2/5/2015,
SR2014,5,9,2/5/2015,
PQ2014,15,10,2/5/2015,
PQ2014,13,11,2/5/2015,
PQ2014,14,12,2/5/2015,
PQ2014,11,13,2/5/2015,
PQ2014,6,14,2/5/2015,
SF2014,6,15,2/5/2015,
CPN,36,16,2/5/2015,
AL-S-2014,18,17,2/5/2015,
AL-S-2014,19,18,2/5/2015,
PQ2014,24,19,2/5/2015,
PQ2014,8,20,2/5/2015,
PQ2014,9,21,2/5/2015,
SF2014,36,22,2/5/2015,
CPS,17,23,2/5/2015,
CPS,6A,24,2/5/2015,
SF2014,8,25,2/5/2015,
CPS,16,26,2/5/2015,
MH,24,27,2/5/2015,
MH,12,28,2/5/2015,
GC,26,29,2/5/2015,
GC,27,30,2/5/2015,
GC,28,31,2/5/2015,
GC,29,32,2/5/2015,
GC,30,33,2/5/2015,
GC,31,34,2/5/2015,
GC,32,35,2/5/2015,
GC,33,36,2/5/2015,
GC,34,37,2/5/2015,
GC,35,38,2/5/2015,
GC,36,39,2/5/2015,
GC,37,40,2/5/2015,
GC,38,41,2/5/2015,
GC,39,42,2/5/2015,
GC,40,43,2/5/2015,
GC,42,44,2/5/2015,
GC,43,45,2/5/2015,
GC,44,46,2/5/2015,
GC,45,47,2/5/2015,
LN,28,48,2/5/2015,
LN,27,49,2/5/2015,
LN,26,50,2/5/2015,
LN,1,51,2/5/2015,
LN,2,52,2/5/2015,
LN,3,53,2/5/2015,
LN,4,54,2/5/2015,
LN,5,55,2/5/2015,
LN,6,56,2/5/2015,
LN,7,57,2/5/2015,
LN,8,58,2/5/2015,
LN,9,59,2/5/2015,
LN,10,60,2/5/2015,
LN,11,61,2/5/2015,
LN,12,62,2/5/2015,
LN,13,63,2/5/2015,
LN,14,64,2/5/2015,
LN,15,65,2/5/2015,
LN,16,66,2/5/2015,
LN,17,67,2/5/2015,
LN,18,68,2/5/2015,
LN,19,69,2/5/2015,
LN,20,70,2/5/2015,
LN,21,71,2/5/2015,
LN,22,72,2/5/2015,
LN,23,73,2/5/2015,
LN,24,74,2/5/2015,
LN,25,75,2/5/2015,
LN,30,76,2/5/2015,
LN,29,77,2/5/2015,
